[
    {
        "pageTitle": "Subscriber Certificate",
        "planName": "Blue Care Elect Program",
        "alias": "100",
        "fileSet": {
            "files": [
                {
                    "messageId": 801,
                    "timeStamp": "11:00am",
                    "dateStamp": "05/23/2017",
                    "rowNum": 1,
                    "isDeleted": false,
                    "messageRead": false,
                    "alertShortTxt": "Rider: Wellness Participation P...",
                    "alertLongTxt": "Custom $300 with yoga, plates and aerobics/$200. Custom $300 with yoga, plates and aerobics/$200"
                },
                {
                    "messageId": 802,
                    "timeStamp": "4:00pm",
                    "dateStamp": "04/23/2018",
                    "rowNum": 2,
                    "isDeleted": false,
                    "messageRead": false,
                    "alertShortTxt": "Rider:Mind and Body Wellness",
                    "alertLongTxt": "Account-specific self-insured mind and body wellness participation program. Account-specific self-insured mind and body wellness participation program"
                },
                {
                    "messageId": 803,
                    "timeStamp": "Yesterday",
                    "dateStamp": "04/23/2018",
                    "rowNum": 3,
                    "isDeleted": false,
                    "messageRead": true,
                    "alertShortTxt": "Blue Care Elect Prefered Provid...",
                    "alertLongTxt": "Subscriber Certificate |BCBS-PPO (1-1-2013) 2015 Printing|"
                },
                {
                    "messageId": 803,
                    "timeStamp": "Yesterday",
                    "dateStamp": "04/23/2018",
                    "rowNum": 3,
                    "isDeleted": false,
                    "messageRead": true,
                    "alertShortTxt": "Blue Care Elect Prefered Provid...",
                    "alertLongTxt": "Subscriber Certificate |BCBS-PPO (1-1-2013) 2015 Printing|"
                },
                {
                    "messageId": 803,
                    "timeStamp": "Yesterday",
                    "dateStamp": "03/23/2018",
                    "rowNum": 3,
                    "isDeleted": false,
                    "messageRead": true,
                    "alertShortTxt": "Blue Care Elect Prefered Provid...",
                    "alertLongTxt": "Subscriber Certificate |BCBS-PPO (1-1-2013) 2015 Printing|"
                },
                {
                    "messageId": 803,
                    "timeStamp": "Yesterday",
                    "dateStamp": "02/23/2018",
                    "rowNum": 3,
                    "isDeleted": false,
                    "messageRead": true,
                    "alertShortTxt": "Blue Care Elect Prefered Provid...",
                    "alertLongTxt": "Subscriber Certificate |BCBS-PPO (1-1-2013) 2015 Printing|"
                },
                {
                    "messageId": 803,
                    "timeStamp": "Yesterday",
                    "dateStamp": "01/23/2018",
                    "rowNum": 3,
                    "isDeleted": false,
                    "messageRead": false,
                    "alertShortTxt": "Blue Care Elect Prefered Provid...",
                    "alertLongTxt": "Subscriber Certificate |BCBS-PPO (1-1-2013) 2015 Printing|"
                },
                {
                    "messageId": 803,
                    "timeStamp": "Yesterday",
                    "dateStamp": "05/23/2017",
                    "rowNum": 3,
                    "isDeleted": false,
                    "messageRead": false,
                    "alertShortTxt": "Blue Care Elect Prefered Provid...",
                    "alertLongTxt": "Subscriber Certificate |BCBS-PPO (1-1-2013) 2015 Printing|"
                },
                {
                    "messageId": 803,
                    "timeStamp": "Yesterday",
                    "dateStamp": "04/23/2018",
                    "rowNum": 3,
                    "isDeleted": false,
                    "messageRead": false,
                    "alertShortTxt": "Blue Care Elect Prefered Provid...",
                    "alertLongTxt": "Subscriber Certificate |BCBS-PPO (1-1-2013) 2015 Printing|"
                },
                {
                    "messageId": 803,
                    "timeStamp": "Yesterday",
                    "dateStamp": "03/23/2018",
                    "rowNum": 3,
                    "isDeleted": false,
                    "messageRead": false,
                    "alertShortTxt": "Blue Care Elect Prefered Provid...",
                    "alertLongTxt": "Subscriber Certificate |BCBS-PPO (1-1-2013) 2015 Printing|"
                },
                {
                    "messageId": 803,
                    "timeStamp": "Yesterday",
                    "dateStamp": "02/23/2018",
                    "rowNum": 3,
                    "isDeleted": false,
                    "messageRead": false,
                    "alertShortTxt": "Blue Care Elect Prefered Provid...",
                    "alertLongTxt": "Subscriber Certificate |BCBS-PPO (1-1-2013) 2015 Printing|"
                },
                {
                    "messageId": 803,
                    "timeStamp": "Yesterday",
                    "dateStamp": "01/23/2018",
                    "rowNum": 3,
                    "isDeleted": false,
                    "messageRead": false,
                    "alertShortTxt": "Blue Care Elect Prefered Provid...",
                    "alertLongTxt": "Subscriber Certificate |BCBS-PPO (1-1-2013) 2015 Printing|"
                },
                {
                    "messageId": 803,
                    "timeStamp": "Yesterday",
                    "dateStamp": "12/23/2017",
                    "rowNum": 3,
                    "isDeleted": false,
                    "messageRead": false,
                    "alertShortTxt": "Blue Care Elect Prefered Provid...",
                    "alertLongTxt": "Subscriber Certificate |BCBS-PPO (1-1-2013) 2015 Printing|"
                },
                {
                    "messageId": 803,
                    "timeStamp": "Yesterday",
                    "dateStamp": "11/23/2017",
                    "rowNum": 3,
                    "isDeleted": false,
                    "messageRead": false,
                    "alertShortTxt": "Blue Care Elect Prefered Provid...",
                    "alertLongTxt": "Subscriber Certificate |BCBS-PPO (1-1-2013) 2015 Printing|"
                },
                {
                    "messageId": 803,
                    "timeStamp": "Yesterday",
                    "dateStamp": "04/23/2017",
                    "rowNum": 3,
                    "isDeleted": false,
                    "messageRead": false,
                    "alertShortTxt": "Blue Care Elect Prefered Provid...",
                    "alertLongTxt": "Subscriber Certificate |BCBS-PPO (1-1-2013) 2015 Printing|"
                },
                {
                    "messageId": 803,
                    "timeStamp": "Yesterday",
                    "dateStamp": "10/23/2017",
                    "rowNum": 3,
                    "isDeleted": false,
                    "messageRead": false,
                    "alertShortTxt": "Blue Care Elect Prefered Provid...",
                    "alertLongTxt": "Subscriber Certificate |BCBS-PPO (1-1-2013) 2015 Printing|"
                },
                {
                    "messageId": 803,
                    "timeStamp": "Yesterday",
                    "dateStamp": "09/23/2017",
                    "rowNum": 3,
                    "isDeleted": false,
                    "messageRead": false,
                    "alertShortTxt": "Blue Care Elect Prefered Provid...",
                    "alertLongTxt": "Subscriber Certificate |BCBS-PPO (1-1-2013) 2015 Printing|"
                },
                {
                    "messageId": 803,
                    "timeStamp": "Yesterday",
                    "dateStamp": "08/23/2017",
                    "rowNum": 3,
                    "isDeleted": false,
                    "messageRead": false,
                    "alertShortTxt": "Blue Care Elect Prefered Provid...",
                    "alertLongTxt": "Subscriber Certificate |BCBS-PPO (1-1-2013) 2015 Printing|"
                },
                {
                    "messageId": 803,
                    "timeStamp": "Yesterday",
                    "dateStamp": "07/23/2017",
                    "rowNum": 3,
                    "isDeleted": false,
                    "messageRead": false,
                    "alertShortTxt": "Blue Care Elect Prefered Provid...",
                    "alertLongTxt": "Subscriber Certificate |BCBS-PPO (1-1-2013) 2015 Printing|"
                },
                {
                    "messageId": 803,
                    "timeStamp": "Yesterday",
                    "dateStamp": "06/23/2017",
                    "rowNum": 3,
                    "isDeleted": false,
                    "messageRead": false,
                    "alertShortTxt": "Blue Care Elect Prefered Provid...",
                    "alertLongTxt": "Subscriber Certificate |BCBS-PPO (1-1-2013) 2015 Printing|"
                },
                {
                    "messageId": 803,
                    "timeStamp": "Yesterday",
                    "dateStamp": "05/23/2017",
                    "rowNum": 3,
                    "isDeleted": false,
                    "messageRead": false,
                    "alertShortTxt": "Blue Care Elect Prefered Provid...",
                    "alertLongTxt": "Subscriber Certificate |BCBS-PPO (1-1-2013) 2015 Printing|"
                },
                {
                    "messageId": 803,
                    "timeStamp": "Yesterday",
                    "dateStamp": "04/23/2017",
                    "rowNum": 3,
                    "isDeleted": false,
                    "messageRead": false,
                    "alertShortTxt": "Blue Care Elect Prefered Provid...",
                    "alertLongTxt": "Subscriber Certificate |BCBS-PPO (1-1-2013) 2015 Printing|"
                },
                {
                    "messageId": 803,
                    "timeStamp": "Yesterday",
                    "dateStamp": "03/23/2017",
                    "rowNum": 3,
                    "isDeleted": false,
                    "messageRead": false,
                    "alertShortTxt": "Blue Care Elect Prefered Provid...",
                    "alertLongTxt": "Subscriber Certificate |BCBS-PPO (1-1-2013) 2015 Printing|"
                },
                {
                    "messageId": 803,
                    "timeStamp": "Yesterday",
                    "dateStamp": "02/23/2017",
                    "rowNum": 3,
                    "isDeleted": false,
                    "messageRead": false,
                    "alertShortTxt": "Blue Care Elect Prefered Provid...",
                    "alertLongTxt": "Subscriber Certificate |BCBS-PPO (1-1-2013) 2015 Printing|"
                },
                {
                    "messageId": 803,
                    "timeStamp": "Yesterday",
                    "dateStamp": "01/23/2017",
                    "rowNum": 3,
                    "isDeleted": false,
                    "messageRead": false,
                    "alertShortTxt": "Blue Care Elect Prefered Provid...",
                    "alertLongTxt": "Subscriber Certificate |BCBS-PPO (1-1-2013) 2015 Printing|"
                },
                {
                    "messageId": 803,
                    "timeStamp": "Yesterday",
                    "dateStamp": "12/23/2016",
                    "rowNum": 3,
                    "isDeleted": false,
                    "messageRead": false,
                    "alertShortTxt": "Blue Care Elect Prefered Provid...",
                    "alertLongTxt": "Subscriber Certificate |BCBS-PPO (1-1-2013) 2015 Printing|"
                },
                {
                    "messageId": 803,
                    "timeStamp": "Yesterday",
                    "dateStamp": "11/23/2016",
                    "rowNum": 3,
                    "isDeleted": false,
                    "messageRead": false,
                    "alertShortTxt": "Blue Care Elect Prefered Provid...",
                    "alertLongTxt": "Subscriber Certificate |BCBS-PPO (1-1-2013) 2015 Printing|"
                },
                {
                    "messageId": 803,
                    "timeStamp": "Yesterday",
                    "dateStamp": "04/23/2016",
                    "rowNum": 3,
                    "isDeleted": false,
                    "messageRead": false,
                    "alertShortTxt": "Blue Care Elect Prefered Provid...",
                    "alertLongTxt": "Subscriber Certificate |BCBS-PPO (1-1-2013) 2015 Printing|"
                },
                {
                    "messageId": 803,
                    "timeStamp": "Yesterday",
                    "dateStamp": "10/23/2016",
                    "rowNum": 3,
                    "isDeleted": false,
                    "messageRead": false,
                    "alertShortTxt": "Blue Care Elect Prefered Provid...",
                    "alertLongTxt": "Subscriber Certificate |BCBS-PPO (1-1-2013) 2015 Printing|"
                },
                {
                    "messageId": 803,
                    "timeStamp": "Yesterday",
                    "dateStamp": "09/23/2016",
                    "rowNum": 3,
                    "isDeleted": false,
                    "messageRead": false,
                    "alertShortTxt": "Blue Care Elect Prefered Provid...",
                    "alertLongTxt": "Subscriber Certificate |BCBS-PPO (1-1-2013) 2015 Printing|"
                },
                {
                    "messageId": 803,
                    "timeStamp": "Yesterday",
                    "dateStamp": "08/23/2016",
                    "rowNum": 3,
                    "isDeleted": false,
                    "messageRead": false,
                    "alertShortTxt": "Blue Care Elect Prefered Provid...",
                    "alertLongTxt": "Subscriber Certificate |BCBS-PPO (1-1-2013) 2015 Printing|"
                },
                {
                    "messageId": 803,
                    "timeStamp": "Yesterday",
                    "dateStamp": "07/23/2016",
                    "rowNum": 3,
                    "isDeleted": false,
                    "messageRead": false,
                    "alertShortTxt": "Blue Care Elect Prefered Provid...",
                    "alertLongTxt": "Subscriber Certificate |BCBS-PPO (1-1-2013) 2015 Printing|"
                },
                {
                    "messageId": 803,
                    "timeStamp": "Yesterday",
                    "dateStamp": "06/23/2016",
                    "rowNum": 3,
                    "isDeleted": false,
                    "messageRead": true,
                    "alertShortTxt": "Blue Care Elect Prefered Provid...",
                    "alertLongTxt": "Subscriber Certificate |BCBS-PPO (1-1-2013) 2015 Printing|"
                },
                {
                    "messageId": 803,
                    "timeStamp": "Yesterday",
                    "dateStamp": "05/23/2016",
                    "rowNum": 3,
                    "isDeleted": false,
                    "messageRead": true,
                    "alertShortTxt": "Blue Care Elect Prefered Provid...",
                    "alertLongTxt": "Subscriber Certificate |BCBS-PPO (1-1-2013) 2015 Printing|"
                },
                {
                    "messageId": 803,
                    "timeStamp": "Yesterday",
                    "dateStamp": "04/23/2016",
                    "rowNum": 3,
                    "isDeleted": false,
                    "messageRead": true,
                    "alertShortTxt": "Blue Care Elect Prefered Provid...",
                    "alertLongTxt": "Subscriber Certificate |BCBS-PPO (1-1-2013) 2015 Printing|"
                },
                {
                    "messageId": 803,
                    "timeStamp": "Yesterday",
                    "dateStamp": "03/23/2016",
                    "rowNum": 3,
                    "isDeleted": false,
                    "messageRead": true,
                    "alertShortTxt": "Blue Care Elect Prefered Provid...",
                    "alertLongTxt": "Subscriber Certificate |BCBS-PPO (1-1-2013) 2015 Printing|"
                },
                {
                    "messageId": 803,
                    "timeStamp": "Yesterday",
                    "dateStamp": "02/23/2016",
                    "rowNum": 3,
                    "isDeleted": false,
                    "messageRead": true,
                    "alertShortTxt": "Blue Care Elect Prefered Provid...",
                    "alertLongTxt": "Subscriber Certificate |BCBS-PPO (1-1-2013) 2015 Printing|"
                },
                {
                    "messageId": 803,
                    "timeStamp": "Yesterday",
                    "dateStamp": "01/23/2016",
                    "rowNum": 3,
                    "isDeleted": false,
                    "messageRead": true,
                    "alertShortTxt": "Blue Care Elect Prefered Provid...",
                    "alertLongTxt": "Subscriber Certificate |BCBS-PPO (1-1-2013) 2015 Printing|"
                }
            ],
            "totalRows": 3
        }
    }
]