[
    {
        "sourceId": 0,
        "checkInStatus" : "EARLY",
        "assignedProvider" : {
            "sourceId" : "",
            "fullName": "Robert Nathan",
            "speciality" : {
                "name": "Nurse Practitioner"
            }
        },
        "schedule" : {
            "scheduledStartTime": 1622390440000
        }
    },
    {
        "sourceId": 1,
        "checkInStatus" : "ON_TIME",
        "assignedProvider" : {
            "fullName": "Eric Coker",
            "speciality" : {
                "name": "Internal Medicine"
            }
        },
        "schedule" : {
            "scheduledStartTime": 1619798440000
        }
        
    },

    {
        "sourceId": 2,
        "checkInStatus" : "LATE",
        "assignedProvider" : {
            "fullName": "Arun Dubagunta",
            "speciality" : {
                "name": "Family Medicine"
            }
        },
        "schedule" : {
            "scheduledStartTime": 1619799440000
        }
        
    }
]
