{
  "Action": [
    {
      "Transactions": {
        "AcctTypeCode": "ABH",
        "AcctTypeDesc": "Health Savings Account",
        "CanUploadReceipt": false,
        "Claimant": "CHARLIE DAIGLE",
        "Description": "INTEREST PAYMENT",
        "DisplayName": "CHARLIE DAIGLE",
        "FlexAcctKey": 0,
        "HSATransactionType": "Non Reportable",
        "HasReceipt": false,
        "ReceiptExpired": null,
        "ReceiptsInfo": {},
        "SeqNumber": 1,
        "ServiceStartDate": "20/08/2018",
        "SettlementDate": "20180801",
        "TransactionAmt": 7.5E-1,
        "TransactionDate": "20/08/2018",
        "TransactionId": "3750002876-20180731-15521916",
        "TransactionStatus": "Make Payment",
        "TransactionType": "Interest payment",
        "TxnStatusToolTipText": false,
        "ClaimLine": 10156576,
        "ExternalClaimID": null,
        "OriginCde": 55,
        "TransactioAdjudCde": 1,
        "TransactioAdjudDetailCde": "AAA1",
        "TransactionCde": 37,
        "FirstName": null,
        "LastName": null,
        "TransactionEligibleAmt": 7.5E-1,
        "AdjustedClaimLine": 0,
        "FXClaimDeductibleTotalAmt": 0,
        "FXClaimReimbursedToMemberTotalAmt": 0,
        "FXClaimReimbursedTotalAmt": 0,
        "FXClaimRequestedTotalAmt": 0,
        "FXClaimStatus": 0,
        "FXClaimStatusDesc": null,
        "OutOfPocketAmt": 0,
        "PayProviderKey": -1,
        "ProviderId": null,
        "ProviderName": "Blue Cross",
        "RenderingProvider": null,
        "RenderingProviderId": null
      }
    }
  ],
  "Completed": [
    {
      "Transactions": {
        "AcctTypeCode": "ABH",
        "AcctTypeDesc": "Health Savings Account",
        "CanUploadReceipt": false,
        "Claimant": "CHARLIE DAIGLE",
        "Description": "INTEREST PAYMENT",
        "DisplayName": "Ricky Hales",
        "FlexAcctKey": 0,
        "HSATransactionType": "Non Reportable",
        "HasReceipt": false,
        "ReceiptExpired": null,
        "ReceiptsInfo": {},
        "SeqNumber": 1,
        "ServiceStartDate": "20/08/2018",
        "SettlementDate": "20180801",
        "TransactionAmt": 7.5E-1,
        "TransactionDate": "20/08/2018",
        "TransactionId": "3750002876-20180731-15521916",
        "TransactionStatus": "Completed",
        "TransactionType": "Interest payment",
        "TxnStatusToolTipText": false,
        "ClaimLine": 10156576,
        "ExternalClaimID": null,
        "OriginCde": 55,
        "TransactioAdjudCde": 1,
        "TransactioAdjudDetailCde": "AAA1",
        "TransactionCde": 37,
        "FirstName": null,
        "LastName": null,
        "TransactionEligibleAmt": 7.5E-1,
        "AdjustedClaimLine": 0,
        "FXClaimDeductibleTotalAmt": 0,
        "FXClaimReimbursedToMemberTotalAmt": 0,
        "FXClaimReimbursedTotalAmt": 0,
        "FXClaimRequestedTotalAmt": 0,
        "FXClaimStatus": 0,
        "FXClaimStatusDesc": null,
        "OutOfPocketAmt": 0,
        "PayProviderKey": -1,
        "ProviderId": null,
        "ProviderName": "Blue Cross",
        "RenderingProvider": null,
        "RenderingProviderId": null
      }
    },
    {
      "Transactions": {
        "AcctTypeCode": "ABH",
        "AcctTypeDesc": "Health Savings Account",
        "CanUploadReceipt": false,
        "Claimant": "CHARLIE DAIGLE",
        "Description": "PAPER SURCHARGE FEE",
        "DisplayName": null,
        "FlexAcctKey": 0,
        "HSATransactionType": "Non Reportable",
        "HasReceipt": false,
        "ReceiptExpired": null,
        "ReceiptsInfo": {},
        "SeqNumber": 1,
        "ServiceStartDate": "\/Date(1532840400000-0500)\/",
        "SettlementDate": "20180730",
        "TransactionAmt": -1.25E+0,
        "TransactionDate": "\/Date(1532897287000-0500)\/",
        "TransactionId": "5250000201-20180729-15480734",
        "TransactionStatus": "Posted",
        "TransactionType": "Fee",
        "TxnStatusToolTipText": false,
        "ClaimLine": 0,
        "ExternalClaimID": null,
        "OriginCde": 55,
        "TransactioAdjudCde": 1,
        "TransactioAdjudDetailCde": "AAA1",
        "TransactionCde": 52,
        "FirstName": null,
        "LastName": null,
        "TransactionEligibleAmt": -1.25E+0,
        "AdjustedClaimLine": 0,
        "FXClaimDeductibleTotalAmt": 0,
        "FXClaimReimbursedToMemberTotalAmt": 0,
        "FXClaimReimbursedTotalAmt": 0,
        "FXClaimRequestedTotalAmt": 0,
        "FXClaimStatus": 0,
        "FXClaimStatusDesc": null,
        "OutOfPocketAmt": 0,
        "PayProviderKey": -1,
        "ProviderId": null,
        "ProviderName": null,
        "RenderingProvider": null,
        "RenderingProviderId": null
      }
    },
    {
      "Transactions": {
        "AcctTypeCode": "ABH",
        "AcctTypeDesc": "Health Savings Account",
        "CanUploadReceipt": false,
        "Claimant": "CHARLIE DAIGLE",
        "Description": "INTEREST PAYMENT",
        "DisplayName": null,
        "FlexAcctKey": 0,
        "HSATransactionType": "Non Reportable",
        "HasReceipt": false,
        "ReceiptExpired": null,
        "ReceiptsInfo": {},
        "SeqNumber": 1,
        "ServiceStartDate": "\/Date(1527829200000-0500)\/",
        "SettlementDate": "20180701",
        "TransactionAmt": 7.2E-1,
        "TransactionDate": "\/Date(1530391709000-0500)\/",
        "TransactionId": "3750002036-20180630-15482919",
        "TransactionStatus": "Posted",
        "TransactionType": "Interest payment",
        "TxnStatusToolTipText": false,
        "ClaimLine": 0,
        "ExternalClaimID": null,
        "OriginCde": 55,
        "TransactioAdjudCde": 1,
        "TransactioAdjudDetailCde": "AAA1",
        "TransactionCde": 37,
        "FirstName": null,
        "LastName": null,
        "TransactionEligibleAmt": 7.2E-1,
        "AdjustedClaimLine": 0,
        "FXClaimDeductibleTotalAmt": 0,
        "FXClaimReimbursedToMemberTotalAmt": 0,
        "FXClaimReimbursedTotalAmt": 0,
        "FXClaimRequestedTotalAmt": 0,
        "FXClaimStatus": 0,
        "FXClaimStatusDesc": null,
        "OutOfPocketAmt": 0,
        "PayProviderKey": -1,
        "ProviderId": null,
        "ProviderName": null,
        "RenderingProvider": null,
        "RenderingProviderId": null
      }
    },
    {
      "Transactions": {
        "AcctTypeCode": "ABH",
        "AcctTypeDesc": "Health Savings Account",
        "CanUploadReceipt": false,
        "Claimant": "CHARLIE DAIGLE",
        "Description": "INTEREST PAYMENT",
        "DisplayName": null,
        "FlexAcctKey": 0,
        "HSATransactionType": "Non Reportable",
        "HasReceipt": false,
        "ReceiptExpired": null,
        "ReceiptsInfo": {},
        "SeqNumber": 1,
        "ServiceStartDate": "\/Date(1525150800000-0500)\/",
        "SettlementDate": "20180601",
        "TransactionAmt": 7.5E-1,
        "TransactionDate": "\/Date(1527800234000-0500)\/",
        "TransactionId": "3750002586-20180531-15571499",
        "TransactionStatus": "Posted",
        "TransactionType": "Interest payment",
        "TxnStatusToolTipText": false,
        "ClaimLine": 0,
        "ExternalClaimID": null,
        "OriginCde": 55,
        "TransactioAdjudCde": 1,
        "TransactioAdjudDetailCde": "AAA1",
        "TransactionCde": 37,
        "FirstName": null,
        "LastName": null,
        "TransactionEligibleAmt": 7.5E-1,
        "AdjustedClaimLine": 0,
        "FXClaimDeductibleTotalAmt": 0,
        "FXClaimReimbursedToMemberTotalAmt": 0,
        "FXClaimReimbursedTotalAmt": 0,
        "FXClaimRequestedTotalAmt": 0,
        "FXClaimStatus": 0,
        "FXClaimStatusDesc": null,
        "OutOfPocketAmt": 0,
        "PayProviderKey": -1,
        "ProviderId": null,
        "ProviderName": null,
        "RenderingProvider": null,
        "RenderingProviderId": null
      }
    },
    {
      "Transactions": {
        "AcctTypeCode": "ABH",
        "AcctTypeDesc": "Health Savings Account",
        "CanUploadReceipt": false,
        "Claimant": "PRUITT DAIGLE",
        "Description": "Admin - Purchase",
        "DisplayName": null,
        "FlexAcctKey": 0,
        "HSATransactionType": "Normal Distribution",
        "HasReceipt": false,
        "ReceiptExpired": null,
        "ReceiptsInfo": {},
        "SeqNumber": 1,
        "ServiceStartDate": "\/Date(1496638800000-0500)\/",
        "SettlementDate": "20180515",
        "TransactionAmt": -2.153E+1,
        "TransactionDate": "\/Date(1526401415000-0500)\/",
        "TransactionId": "1040005036-20180515-11233542",
        "TransactionStatus": "Posted",
        "TransactionType": "Manual Claim",
        "TxnStatusToolTipText": false,
        "ClaimLine": 0,
        "ExternalClaimID": null,
        "OriginCde": 51,
        "TransactioAdjudCde": 1,
        "TransactioAdjudDetailCde": "AAA1",
        "TransactionCde": 10,
        "FirstName": null,
        "LastName": null,
        "TransactionEligibleAmt": -2.153E+1,
        "AdjustedClaimLine": 0,
        "FXClaimDeductibleTotalAmt": 0,
        "FXClaimReimbursedToMemberTotalAmt": 0,
        "FXClaimReimbursedTotalAmt": 0,
        "FXClaimRequestedTotalAmt": 0,
        "FXClaimStatus": 0,
        "FXClaimStatusDesc": null,
        "OutOfPocketAmt": 0,
        "PayProviderKey": 0,
        "ProviderId": null,
        "ProviderName": null,
        "RenderingProvider": null,
        "RenderingProviderId": null
      }
    },
    {
      "Transactions": {
        "AcctTypeCode": "ABH",
        "AcctTypeDesc": "Health Savings Account",
        "CanUploadReceipt": false,
        "Claimant": "CHARLIE DAIGLE",
        "Description": "STEWARD NORWOOD HOSPITAL INC",
        "DisplayName": null,
        "FlexAcctKey": 0,
        "HSATransactionType": "Normal Distribution",
        "HasReceipt": false,
        "ReceiptExpired": null,
        "ReceiptsInfo": {},
        "SeqNumber": 1,
        "ServiceStartDate": "\/Date(1518760800000-0600)\/",
        "SettlementDate": "20180515",
        "TransactionAmt": -2.539E+1,
        "TransactionDate": "\/Date(1526400398000-0500)\/",
        "TransactionId": "1040005030-20180515-11063879",
        "TransactionStatus": "Posted",
        "TransactionType": "Manual Claim",
        "TxnStatusToolTipText": false,
        "ClaimLine": 0,
        "ExternalClaimID": null,
        "OriginCde": 51,
        "TransactioAdjudCde": 1,
        "TransactioAdjudDetailCde": "AAA1",
        "TransactionCde": 10,
        "FirstName": null,
        "LastName": null,
        "TransactionEligibleAmt": -2.539E+1,
        "AdjustedClaimLine": 0,
        "FXClaimDeductibleTotalAmt": 0,
        "FXClaimReimbursedToMemberTotalAmt": 0,
        "FXClaimReimbursedTotalAmt": 0,
        "FXClaimRequestedTotalAmt": 0,
        "FXClaimStatus": 0,
        "FXClaimStatusDesc": null,
        "OutOfPocketAmt": 0,
        "PayProviderKey": 1014,
        "ProviderId": "70012222003710",
        "ProviderName": "STEWARD NORWOOD HOSPITAL INC",
        "RenderingProvider": null,
        "RenderingProviderId": null
      }
    },
    {
      "Transactions": {
        "AcctTypeCode": "ABH",
        "AcctTypeDesc": "Health Savings Account",
        "CanUploadReceipt": false,
        "Claimant": "CHARLIE DAIGLE",
        "Description": "INTEREST PAYMENT",
        "DisplayName": null,
        "FlexAcctKey": 0,
        "HSATransactionType": "Non Reportable",
        "HasReceipt": false,
        "ReceiptExpired": null,
        "ReceiptsInfo": {},
        "SeqNumber": 1,
        "ServiceStartDate": "\/Date(1522558800000-0500)\/",
        "SettlementDate": "20180501",
        "TransactionAmt": 7.3E-1,
        "TransactionDate": "\/Date(1525121733000-0500)\/",
        "TransactionId": "3750002475-20180430-15553356",
        "TransactionStatus": "Posted",
        "TransactionType": "Interest payment",
        "TxnStatusToolTipText": false,
        "ClaimLine": 0,
        "ExternalClaimID": null,
        "OriginCde": 55,
        "TransactioAdjudCde": 1,
        "TransactioAdjudDetailCde": "AAA1",
        "TransactionCde": 37,
        "FirstName": null,
        "LastName": null,
        "TransactionEligibleAmt": 7.3E-1,
        "AdjustedClaimLine": 0,
        "FXClaimDeductibleTotalAmt": 0,
        "FXClaimReimbursedToMemberTotalAmt": 0,
        "FXClaimReimbursedTotalAmt": 0,
        "FXClaimRequestedTotalAmt": 0,
        "FXClaimStatus": 0,
        "FXClaimStatusDesc": null,
        "OutOfPocketAmt": 0,
        "PayProviderKey": -1,
        "ProviderId": null,
        "ProviderName": null,
        "RenderingProvider": null,
        "RenderingProviderId": null
      }
    },
    {
      "Transactions": {
        "AcctTypeCode": "ABH",
        "AcctTypeDesc": "Health Savings Account",
        "CanUploadReceipt": false,
        "Claimant": "CHARLIE DAIGLE",
        "Description": "INTEREST PAYMENT",
        "DisplayName": null,
        "FlexAcctKey": 0,
        "HSATransactionType": "Non Reportable",
        "HasReceipt": false,
        "ReceiptExpired": null,
        "ReceiptsInfo": {},
        "SeqNumber": 1,
        "ServiceStartDate": "\/Date(1519884000000-0600)\/",
        "SettlementDate": "20180401",
        "TransactionAmt": 7.6E-1,
        "TransactionDate": "\/Date(1522529311000-0500)\/",
        "TransactionId": "3750001668-20180331-15483144",
        "TransactionStatus": "Posted",
        "TransactionType": "Interest payment",
        "TxnStatusToolTipText": false,
        "ClaimLine": 0,
        "ExternalClaimID": null,
        "OriginCde": 55,
        "TransactioAdjudCde": 1,
        "TransactioAdjudDetailCde": "AAA1",
        "TransactionCde": 37,
        "FirstName": null,
        "LastName": null,
        "TransactionEligibleAmt": 7.6E-1,
        "AdjustedClaimLine": 0,
        "FXClaimDeductibleTotalAmt": 0,
        "FXClaimReimbursedToMemberTotalAmt": 0,
        "FXClaimReimbursedTotalAmt": 0,
        "FXClaimRequestedTotalAmt": 0,
        "FXClaimStatus": 0,
        "FXClaimStatusDesc": null,
        "OutOfPocketAmt": 0,
        "PayProviderKey": -1,
        "ProviderId": null,
        "ProviderName": null,
        "RenderingProvider": null,
        "RenderingProviderId": null
      }
    },
    {
      "Transactions": {
        "AcctTypeCode": "ABH",
        "AcctTypeDesc": "Health Savings Account",
        "CanUploadReceipt": false,
        "Claimant": "CHARLIE DAIGLE",
        "Description": "INTEREST PAYMENT",
        "DisplayName": null,
        "FlexAcctKey": 0,
        "HSATransactionType": "Non Reportable",
        "HasReceipt": false,
        "ReceiptExpired": null,
        "ReceiptsInfo": {},
        "SeqNumber": 1,
        "ServiceStartDate": "\/Date(1517464800000-0600)\/",
        "SettlementDate": "20180301",
        "TransactionAmt": 6.8E-1,
        "TransactionDate": "\/Date(1519856561000-0600)\/",
        "TransactionId": "3750002187-20180228-16224198",
        "TransactionStatus": "Posted",
        "TransactionType": "Interest payment",
        "TxnStatusToolTipText": false,
        "ClaimLine": 0,
        "ExternalClaimID": null,
        "OriginCde": 55,
        "TransactioAdjudCde": 1,
        "TransactioAdjudDetailCde": "AAA1",
        "TransactionCde": 37,
        "FirstName": null,
        "LastName": null,
        "TransactionEligibleAmt": 6.8E-1,
        "AdjustedClaimLine": 0,
        "FXClaimDeductibleTotalAmt": 0,
        "FXClaimReimbursedToMemberTotalAmt": 0,
        "FXClaimReimbursedTotalAmt": 0,
        "FXClaimRequestedTotalAmt": 0,
        "FXClaimStatus": 0,
        "FXClaimStatusDesc": null,
        "OutOfPocketAmt": 0,
        "PayProviderKey": -1,
        "ProviderId": null,
        "ProviderName": null,
        "RenderingProvider": null,
        "RenderingProviderId": null
      }
    },
    {
      "Transactions": {
        "AcctTypeCode": "ABH",
        "AcctTypeDesc": "Health Savings Account",
        "CanUploadReceipt": false,
        "Claimant": "CHARLIE DAIGLE",
        "Description": "INTEREST PAYMENT",
        "DisplayName": null,
        "FlexAcctKey": 0,
        "HSATransactionType": "Non Reportable",
        "HasReceipt": false,
        "ReceiptExpired": null,
        "ReceiptsInfo": {},
        "SeqNumber": 1,
        "ServiceStartDate": "\/Date(1514786400000-0600)\/",
        "SettlementDate": "20180201",
        "TransactionAmt": 7.5E-1,
        "TransactionDate": "\/Date(1517437012000-0600)\/",
        "TransactionId": "3750001885-20180131-16165251",
        "TransactionStatus": "Posted",
        "TransactionType": "Interest payment",
        "TxnStatusToolTipText": false,
        "ClaimLine": 0,
        "ExternalClaimID": null,
        "OriginCde": 55,
        "TransactioAdjudCde": 1,
        "TransactioAdjudDetailCde": "AAA1",
        "TransactionCde": 37,
        "FirstName": null,
        "LastName": null,
        "TransactionEligibleAmt": 7.5E-1,
        "AdjustedClaimLine": 0,
        "FXClaimDeductibleTotalAmt": 0,
        "FXClaimReimbursedToMemberTotalAmt": 0,
        "FXClaimReimbursedTotalAmt": 0,
        "FXClaimRequestedTotalAmt": 0,
        "FXClaimStatus": 0,
        "FXClaimStatusDesc": null,
        "OutOfPocketAmt": 0,
        "PayProviderKey": -1,
        "ProviderId": null,
        "ProviderName": null,
        "RenderingProvider": null,
        "RenderingProviderId": null
      }
    },
    {
      "Transactions": {
        "AcctTypeCode": "ABH",
        "AcctTypeDesc": "Health Savings Account",
        "CanUploadReceipt": false,
        "Claimant": "CHARLIE DAIGLE",
        "Description": "INTEREST PAYMENT",
        "DisplayName": null,
        "FlexAcctKey": 0,
        "HSATransactionType": "Non Reportable",
        "HasReceipt": false,
        "ReceiptExpired": null,
        "ReceiptsInfo": {},
        "SeqNumber": 1,
        "ServiceStartDate": "\/Date(1512108000000-0600)\/",
        "SettlementDate": "20180101",
        "TransactionAmt": 7.5E-1,
        "TransactionDate": "\/Date(1514758079000-0600)\/",
        "TransactionId": "3750001184-20171231-16075972",
        "TransactionStatus": "Posted",
        "TransactionType": "Interest payment",
        "TxnStatusToolTipText": false,
        "ClaimLine": 0,
        "ExternalClaimID": null,
        "OriginCde": 55,
        "TransactioAdjudCde": 1,
        "TransactioAdjudDetailCde": "AAA1",
        "TransactionCde": 37,
        "FirstName": null,
        "LastName": null,
        "TransactionEligibleAmt": 7.5E-1,
        "AdjustedClaimLine": 0,
        "FXClaimDeductibleTotalAmt": 0,
        "FXClaimReimbursedToMemberTotalAmt": 0,
        "FXClaimReimbursedTotalAmt": 0,
        "FXClaimRequestedTotalAmt": 0,
        "FXClaimStatus": 0,
        "FXClaimStatusDesc": null,
        "OutOfPocketAmt": 0,
        "PayProviderKey": -1,
        "ProviderId": null,
        "ProviderName": null,
        "RenderingProvider": null,
        "RenderingProviderId": null
      }
    },
    {
      "Transactions": {
        "AcctTypeCode": "ABH",
        "AcctTypeDesc": "Health Savings Account",
        "CanUploadReceipt": false,
        "Claimant": "CHARLIE DAIGLE",
        "Description": "INTEREST PAYMENT",
        "DisplayName": null,
        "FlexAcctKey": 0,
        "HSATransactionType": "Non Reportable",
        "HasReceipt": false,
        "ReceiptExpired": null,
        "ReceiptsInfo": {},
        "SeqNumber": 1,
        "ServiceStartDate": "\/Date(1509512400000-0500)\/",
        "SettlementDate": "20171201",
        "TransactionAmt": 7.3E-1,
        "TransactionDate": "\/Date(1512080956000-0600)\/",
        "TransactionId": "3750001911-20171130-16291609",
        "TransactionStatus": "Posted",
        "TransactionType": "Interest payment",
        "TxnStatusToolTipText": false,
        "ClaimLine": 0,
        "ExternalClaimID": null,
        "OriginCde": 55,
        "TransactioAdjudCde": 1,
        "TransactioAdjudDetailCde": "AAA1",
        "TransactionCde": 37,
        "FirstName": null,
        "LastName": null,
        "TransactionEligibleAmt": 7.3E-1,
        "AdjustedClaimLine": 0,
        "FXClaimDeductibleTotalAmt": 0,
        "FXClaimReimbursedToMemberTotalAmt": 0,
        "FXClaimReimbursedTotalAmt": 0,
        "FXClaimRequestedTotalAmt": 0,
        "FXClaimStatus": 0,
        "FXClaimStatusDesc": null,
        "OutOfPocketAmt": 0,
        "PayProviderKey": -1,
        "ProviderId": null,
        "ProviderName": null,
        "RenderingProvider": null,
        "RenderingProviderId": null
      }
    },
    {
      "Transactions": {
        "AcctTypeCode": "ABH",
        "AcctTypeDesc": "Health Savings Account",
        "CanUploadReceipt": false,
        "Claimant": "CHARLIE DAIGLE",
        "Description": "INTEREST PAYMENT",
        "DisplayName": null,
        "FlexAcctKey": 0,
        "HSATransactionType": "Non Reportable",
        "HasReceipt": false,
        "ReceiptExpired": null,
        "ReceiptsInfo": {},
        "SeqNumber": 1,
        "ServiceStartDate": "\/Date(1506834000000-0500)\/",
        "SettlementDate": "20171101",
        "TransactionAmt": 7.6E-1,
        "TransactionDate": "\/Date(1509484077000-0500)\/",
        "TransactionId": "3750001542-20171031-16075791",
        "TransactionStatus": "Posted",
        "TransactionType": "Interest payment",
        "TxnStatusToolTipText": false,
        "ClaimLine": 0,
        "ExternalClaimID": null,
        "OriginCde": 55,
        "TransactioAdjudCde": 1,
        "TransactioAdjudDetailCde": "AAA1",
        "TransactionCde": 37,
        "FirstName": null,
        "LastName": null,
        "TransactionEligibleAmt": 7.6E-1,
        "AdjustedClaimLine": 0,
        "FXClaimDeductibleTotalAmt": 0,
        "FXClaimReimbursedToMemberTotalAmt": 0,
        "FXClaimReimbursedTotalAmt": 0,
        "FXClaimRequestedTotalAmt": 0,
        "FXClaimStatus": 0,
        "FXClaimStatusDesc": null,
        "OutOfPocketAmt": 0,
        "PayProviderKey": -1,
        "ProviderId": null,
        "ProviderName": null,
        "RenderingProvider": null,
        "RenderingProviderId": null
      }
    },
    {
      "Transactions": {
        "AcctTypeCode": "ABH",
        "AcctTypeDesc": "Health Savings Account",
        "CanUploadReceipt": false,
        "Claimant": "CHARLIE DAIGLE",
        "Description": "Admin - HSA Online Payment",
        "DisplayName": null,
        "FlexAcctKey": 0,
        "HSATransactionType": "Normal Distribution",
        "HasReceipt": false,
        "ReceiptExpired": null,
        "ReceiptsInfo": {},
        "SeqNumber": 1,
        "ServiceStartDate": "\/Date(1507093200000-0500)\/",
        "SettlementDate": "20171004",
        "TransactionAmt": -3E+0,
        "TransactionDate": "\/Date(1507100415000-0500)\/",
        "TransactionId": "3640004487-20171004-02001597",
        "TransactionStatus": "Posted",
        "TransactionType": "Bill Payment",
        "TxnStatusToolTipText": false,
        "ClaimLine": 0,
        "ExternalClaimID": null,
        "OriginCde": 50,
        "TransactioAdjudCde": 1,
        "TransactioAdjudDetailCde": "AAA1",
        "TransactionCde": 36,
        "FirstName": null,
        "LastName": null,
        "TransactionEligibleAmt": -3E+0,
        "AdjustedClaimLine": 0,
        "FXClaimDeductibleTotalAmt": 0,
        "FXClaimReimbursedToMemberTotalAmt": 0,
        "FXClaimReimbursedTotalAmt": 0,
        "FXClaimRequestedTotalAmt": 0,
        "FXClaimStatus": 0,
        "FXClaimStatusDesc": null,
        "OutOfPocketAmt": 0,
        "PayProviderKey": 0,
        "ProviderId": null,
        "ProviderName": null,
        "RenderingProvider": null,
        "RenderingProviderId": null
      }
    },
    {
      "Transactions": {
        "AcctTypeCode": "ABH",
        "AcctTypeDesc": "Health Savings Account",
        "CanUploadReceipt": false,
        "Claimant": "CHARLIE DAIGLE",
        "Description": "INTEREST PAYMENT",
        "DisplayName": null,
        "FlexAcctKey": 0,
        "HSATransactionType": "Non Reportable",
        "HasReceipt": false,
        "ReceiptExpired": null,
        "ReceiptsInfo": {},
        "SeqNumber": 1,
        "ServiceStartDate": "\/Date(1504242000000-0500)\/",
        "SettlementDate": "20171001",
        "TransactionAmt": 3.8E-1,
        "TransactionDate": "\/Date(1506805682000-0500)\/",
        "TransactionId": "3750006322-20170930-16080275",
        "TransactionStatus": "Posted",
        "TransactionType": "Interest payment",
        "TxnStatusToolTipText": false,
        "ClaimLine": 0,
        "ExternalClaimID": null,
        "OriginCde": 55,
        "TransactioAdjudCde": 1,
        "TransactioAdjudDetailCde": "AAA1",
        "TransactionCde": 37,
        "FirstName": null,
        "LastName": null,
        "TransactionEligibleAmt": 3.8E-1,
        "AdjustedClaimLine": 0,
        "FXClaimDeductibleTotalAmt": 0,
        "FXClaimReimbursedToMemberTotalAmt": 0,
        "FXClaimReimbursedTotalAmt": 0,
        "FXClaimRequestedTotalAmt": 0,
        "FXClaimStatus": 0,
        "FXClaimStatusDesc": null,
        "OutOfPocketAmt": 0,
        "PayProviderKey": -1,
        "ProviderId": null,
        "ProviderName": null,
        "RenderingProvider": null,
        "RenderingProviderId": null
      }
    },
    {
      "Transactions": {
        "AcctTypeCode": "ABH",
        "AcctTypeDesc": "Health Savings Account",
        "CanUploadReceipt": false,
        "Claimant": "CHARLIE DAIGLE",
        "Description": "HSA Balance Transfer",
        "DisplayName": null,
        "FlexAcctKey": 0,
        "HSATransactionType": "Normal Contribution – Employer",
        "HasReceipt": false,
        "ReceiptExpired": null,
        "ReceiptsInfo": {},
        "SeqNumber": 1,
        "ServiceStartDate": "\/Date(1505365200000-0500)\/",
        "SettlementDate": "20170915",
        "TransactionAmt": 6.75E+3,
        "TransactionDate": "\/Date(1505422223000-0500)\/",
        "TransactionId": "8830000009-20170914-15502368",
        "TransactionStatus": "Posted",
        "TransactionType": "HSA Balance Transfer",
        "TxnStatusToolTipText": false,
        "ClaimLine": 0,
        "ExternalClaimID": null,
        "OriginCde": 50,
        "TransactioAdjudCde": 1,
        "TransactioAdjudDetailCde": "AAA1",
        "TransactionCde": 88,
        "FirstName": null,
        "LastName": null,
        "TransactionEligibleAmt": 6.75E+3,
        "AdjustedClaimLine": 0,
        "FXClaimDeductibleTotalAmt": 0,
        "FXClaimReimbursedToMemberTotalAmt": 0,
        "FXClaimReimbursedTotalAmt": 0,
        "FXClaimRequestedTotalAmt": 0,
        "FXClaimStatus": 0,
        "FXClaimStatusDesc": null,
        "OutOfPocketAmt": 0,
        "PayProviderKey": -1,
        "ProviderId": null,
        "ProviderName": null,
        "RenderingProvider": null,
        "RenderingProviderId": null
      }
    }
  ],
  "Others": [
    {
      "Transactions": {
        "AcctTypeCode": "ABH",
        "AcctTypeDesc": "Health Savings Account",
        "CanUploadReceipt": false,
        "Claimant": "CHARLIE DAIGLE",
        "Description": "INTEREST PAYMENT",
        "DisplayName": "CHARLIE DAIGLE",
        "FlexAcctKey": 0,
        "HSATransactionType": "Non Reportable",
        "HasReceipt": false,
        "ReceiptExpired": null,
        "ReceiptsInfo": {},
        "SeqNumber": 1,
        "ServiceStartDate": "20/08/2018",
        "SettlementDate": "20180801",
        "TransactionAmt": 7.5E-1,
        "TransactionDate": "20/08/2018",
        "TransactionId": "3750002876-20180731-15521916",
        "TransactionStatus": "Posted",
        "TransactionType": "Interest payment",
        "TxnStatusToolTipText": false,
        "ClaimLine": 10156576,
        "ExternalClaimID": null,
        "OriginCde": 55,
        "TransactioAdjudCde": 1,
        "TransactioAdjudDetailCde": "AAA1",
        "TransactionCde": 37,
        "FirstName": null,
        "LastName": null,
        "TransactionEligibleAmt": 7.5E-1,
        "AdjustedClaimLine": 0,
        "FXClaimDeductibleTotalAmt": 0,
        "FXClaimReimbursedToMemberTotalAmt": 0,
        "FXClaimReimbursedTotalAmt": 0,
        "FXClaimRequestedTotalAmt": 0,
        "FXClaimStatus": 0,
        "FXClaimStatusDesc": null,
        "OutOfPocketAmt": 0,
        "PayProviderKey": -1,
        "ProviderId": null,
        "ProviderName": "Blue Cross",
        "RenderingProvider": null,
        "RenderingProviderId": null
      }
    }
  ],
  "Pending": [
    {
      "Transactions": {
        "AcctTypeCode": "ABH",
        "AcctTypeDesc": "Health Savings Account",
        "CanUploadReceipt": false,
        "Claimant": "CHARLIE DAIGLE",
        "Description": "INTEREST PAYMENT",
        "DisplayName": "CHARLIE DAIGLE",
        "FlexAcctKey": 0,
        "HSATransactionType": "Non Reportable",
        "HasReceipt": false,
        "ReceiptExpired": null,
        "ReceiptsInfo": {},
        "SeqNumber": 1,
        "ServiceStartDate": "20/08/2018",
        "SettlementDate": "20180801",
        "TransactionAmt": 7.5E-1,
        "TransactionDate": "20/08/2018",
        "TransactionId": "3750002876-20180731-15521916",
        "TransactionStatus": "Pending",
        "TransactionType": "Interest payment",
        "TxnStatusToolTipText": false,
        "ClaimLine": 10156576,
        "ExternalClaimID": null,
        "OriginCde": 55,
        "TransactioAdjudCde": 1,
        "TransactioAdjudDetailCde": "AAA1",
        "TransactionCde": 37,
        "FirstName": null,
        "LastName": null,
        "TransactionEligibleAmt": 7.5E-1,
        "AdjustedClaimLine": 0,
        "FXClaimDeductibleTotalAmt": 0,
        "FXClaimReimbursedToMemberTotalAmt": 0,
        "FXClaimReimbursedTotalAmt": 0,
        "FXClaimRequestedTotalAmt": 0,
        "FXClaimStatus": 0,
        "FXClaimStatusDesc": null,
        "OutOfPocketAmt": 0,
        "PayProviderKey": -1,
        "ProviderId": null,
        "ProviderName": "Blue Cross",
        "RenderingProvider": null,
        "RenderingProviderId": null
      }
    }
  ]
}
