[
  {
  "AccountDisplayOptions": 142606335,
  "AccountEndDate": "/Date(1559278800000-0500)/",
  "AccountInfo": [
    {
      "AdditionalDeposits": 0,
      "Balance": 0,
      "DepFlexAcctStatus": 1,
      "DepStatus": 1,
      "EmpeFlexAcctStatus": 0,
      "EmpeRelation": 2,
      "FirstName": "BETTT",
      "FlexAcctKey": 6523,
      "IndividualAmount": 0,
      "Initial": "",
      "IsDep": true,
      "LastName": "Ricky",
      "Payments": 0,
      "Status": 0
    },
    {
      "AdditionalDeposits": 0,
      "Balance": 0,
      "DepFlexAcctStatus": 1,
      "DepStatus": 1,
      "EmpeFlexAcctStatus": 0,
      "EmpeRelation": 1,
      "FirstName": "PRUITT",
      "FlexAcctKey": 6523,
      "IndividualAmount": 0,
      "Initial": "",
      "IsDep": true,
      "LastName": "DAIGLE",
      "Payments": 0,
      "Status": 0
    },
    {
      "AdditionalDeposits": 0,
      "Balance": 2500,
      "DepFlexAcctStatus": 0,
      "DepStatus": 0,
      "EmpeFlexAcctStatus": 1,
      "EmpeRelation": 0,
      "FirstName": "CHARLIE",
      "FlexAcctKey": 6523,
      "IndividualAmount": 0,
      "Initial": "",
      "IsDep": false,
      "LastName": "DAIGLE",
      "Payments": 0,
      "Status": 1
    }
  ],
  "AccountPayRollInfo": {
    "AutoDepositCalendarKey": 0,
    "ContributionsYTD": 0,
    "EmployeePPPContribution": 0,
    "EmployerPPPContributionsAmount": 0,
    "PayrollCycle": 1,
    "PlanEndDate": "/Date(1559278800000-0500)/",
    "PlanStartDate": "/Date(1527829200000-0500)/",
    "RemainingContributions": 2500
  },
  "AccountStartDate": "/Date(1527829200000-0500)/",
  "AccountType": "FSL",
  "AccountDisplayHeader": "Limited Purpose Flexible Spending Account",
  "AccountTypeOptions": 196608,
  "BalanceDue": 0,
  "CurrentDate": "/Date(-62135575200000-0600)/",
  "DPAccAllowManualClaims": null,
  "Deductible": 0,
  "DeductibleApplied": 0,
  "DeductibleRemaining": 0,
  "EligDte": "/Date(1527829200000-0500)/",
  "EmprPlanAllowFundRollover": false,
  "EmprPlanDeductmanagerEnabled": false,
  "FundRolloverInfo": null,
  "InternalFlexAcctOptions": 1,
  "IsEmprPlanMonthlyLimit": false,
  "IsHRA": false,
  "IsPrimaryRollover": false,
  "IsSecondaryRollover": false,
  "MccFlags": 1,
  "MonthlyDepositLimit": -1,
  "MonthlySpendingLimit": -1,
  "OnHoldAmount": 0,
  "PlanDefaultAcctCrossover": false,
  "PlanExtOptions": 0,
  "PlanMccFlags": 2,
  "PrimaryFundRolloverAmount": 0,
  "PrimaryFundRolloverDate": "/Date(-62135575200000-0600)/",
  "PrimaryFundRolloverRate": 0,
  "PrimaryFundRolloverRule": 0,
  "PrimaryFundsRolloverAccount": null,
  "PrimaryFundsRolloverAccountPlanEndDate": "/Date(-62135575200000-0600)/",
  "PrimaryFundsRolloverAccountPlanStartDate": "/Date(-62135575200000-0600)/",
  "PyFundsRolloverAccountPlanEndDate": "/Date(-62135575200000-0600)/",
  "PyFundsRolloverAccountPlanStartDate": "/Date(-62135575200000-0600)/",
  "PyIndividualRolloverAmount": 0,
  "PyIndividualRolloverRate": 0,
  "RemainingBalance": 2500,
  "SdFundsRolloverAccountPlanEndDate": "/Date(-62135575200000-0600)/",
  "SdFundsRolloverAccountPlanStartDate": "/Date(-62135575200000-0600)/",
  "SdIndividualRolloverAmount": 0,
  "SdIndividualRolloverRate": 0,
  "SecondaryFundRolloverAmount": 0,
  "SecondaryFundRolloverDate": "/Date(-62135575200000-0600)/",
  "SecondaryFundRolloverRate": 0,
  "SecondaryFundRolloverRule": 0,
  "SecondaryFundsRolloverAccount": null,
  "SecondaryIndividualRolloverAmount": 0,
  "SecondaryIndividualRolloverRate": 0,
  "SpendingLastDate": "/Date(1559278800000-0500)/",
  "Spent": 100.00,
  "SubmitClaimsLastDate": "/Date(1567227600000-0500)/"
},
{
  "AccountDisplayOptions": 142606335,
  "AccountEndDate": "/Date(1527742800000-0500)/",
  "AccountInfo": [
    {
      "AdditionalDeposits": 0,
      "Balance": 0,
      "DepFlexAcctStatus": 1,
      "DepStatus": 1,
      "EmpeFlexAcctStatus": 0,
      "EmpeRelation": 1,
      "FirstName": "PRUITT",
      "FlexAcctKey": 3810,
      "IndividualAmount": 0,
      "Initial": "",
      "IsDep": true,
      "LastName": "DAIGLE",
      "Payments": 0,
      "Status": 0
    },
    {
      "AdditionalDeposits": -500,
      "Balance": 1975,
      "DepFlexAcctStatus": 0,
      "DepStatus": 0,
      "EmpeFlexAcctStatus": 1,
      "EmpeRelation": 0,
      "FirstName": "CHARLIE",
      "FlexAcctKey": 3810,
      "IndividualAmount": 0,
      "Initial": "",
      "IsDep": false,
      "LastName": "DAIGLE",
      "Payments": 25,
      "Status": 1
    }
  ],
  "AccountPayRollInfo": {
    "AutoDepositCalendarKey": 0,
    "ContributionsYTD": 1000.00,
    "EmployeePPPContribution": 0,
    "EmployerPPPContributionsAmount": 0,
    "PayrollCycle": 1,
    "PlanEndDate": "/Date(1527742800000-0500)/",
    "PlanStartDate": "/Date(1496293200000-0500)/",
    "RemainingContributions": 2500
  },
  "AccountStartDate": "/Date(1496293200000-0500)/",
  "AccountType": "FSL",
  "AccountDisplayHeader": "Limited Purpose Flexible Spending Account",
  "AccountTypeOptions": 196608,
  "BalanceDue": 0,
  "CurrentDate": "/Date(-62135575200000-0600)/",
  "DPAccAllowManualClaims": null,
  "Deductible": 0,
  "DeductibleApplied": 0,
  "DeductibleRemaining": 0,
  "EligDte": "/Date(1496293200000-0500)/",
  "EmprPlanAllowFundRollover": true,
  "EmprPlanDeductmanagerEnabled": false,
  "FundRolloverInfo": null,
  "InternalFlexAcctOptions": 1,
  "IsEmprPlanMonthlyLimit": false,
  "IsHRA": false,
  "IsPrimaryRollover": true,
  "IsSecondaryRollover": false,
  "MccFlags": 1,
  "MonthlyDepositLimit": -1,
  "MonthlySpendingLimit": -1,
  "OnHoldAmount": 0,
  "PlanDefaultAcctCrossover": false,
  "PlanExtOptions": 8192,
  "PlanMccFlags": 2,
  "PrimaryFundRolloverAmount": 500,
  "PrimaryFundRolloverDate": "/Date(1527742800000-0500)/",
  "PrimaryFundRolloverRate": 0,
  "PrimaryFundRolloverRule": 2,
  "PrimaryFundsRolloverAccount": "ROL",
  "PrimaryFundsRolloverAccountPlanEndDate": "/Date(-62135575200000-0600)/",
  "PrimaryFundsRolloverAccountPlanStartDate": "/Date(-62135575200000-0600)/",
  "PyFundsRolloverAccountPlanEndDate": "/Date(1527742800000-0500)/",
  "PyFundsRolloverAccountPlanStartDate": "/Date(1496293200000-0500)/",
  "PyIndividualRolloverAmount": 0,
  "PyIndividualRolloverRate": 0,
  "RemainingBalance": 1975,
  "SdFundsRolloverAccountPlanEndDate": "/Date(-62135575200000-0600)/",
  "SdFundsRolloverAccountPlanStartDate": "/Date(-62135575200000-0600)/",
  "SdIndividualRolloverAmount": 0,
  "SdIndividualRolloverRate": 0,
  "SecondaryFundRolloverAmount": 0,
  "SecondaryFundRolloverDate": "/Date(-62135575200000-0600)/",
  "SecondaryFundRolloverRate": 0,
  "SecondaryFundRolloverRule": 0,
  "SecondaryFundsRolloverAccount": null,
  "SecondaryIndividualRolloverAmount": 0,
  "SecondaryIndividualRolloverRate": 0,
  "SpendingLastDate": "/Date(1527742800000-0500)/",
  "Spent": 2500.00,
  "SubmitClaimsLastDate": "/Date(1535691600000-0500)/"
}
]
