[
  {
    "AccountDetailInfo": {
      "AccountDisplayOptions": 142606335,
      "AccountEndDate": "/Date(1559278800000-0500)/",
      "AccountInfo": [
        {
          "AdditionalDeposits": 0,
          "Balance": 0,
          "DepFlexAcctStatus": 1,
          "DepStatus": 1,
          "EmpeFlexAcctStatus": 0,
          "EmpeRelation": 2,
          "FirstName": "BETTT",
          "FlexAcctKey": 6523,
          "IndividualAmount": 0,
          "Initial": "",
          "IsDep": true,
          "LastName": "DAIGLE",
          "Payments": 0,
          "Status": 0
        },
        {
          "AdditionalDeposits": 0,
          "Balance": 0,
          "DepFlexAcctStatus": 1,
          "DepStatus": 1,
          "EmpeFlexAcctStatus": 0,
          "EmpeRelation": 1,
          "FirstName": "PRUITT",
          "FlexAcctKey": 6523,
          "IndividualAmount": 0,
          "Initial": "",
          "IsDep": true,
          "LastName": "DAIGLE",
          "Payments": 0,
          "Status": 0
        },
        {
          "AdditionalDeposits": 500,
          "Balance": 3000,
          "DepFlexAcctStatus": 0,
          "DepStatus": 0,
          "EmpeFlexAcctStatus": 1,
          "EmpeRelation": 0,
          "FirstName": "CHARLIE",
          "FlexAcctKey": 6523,
          "IndividualAmount": 0,
          "Initial": "",
          "IsDep": false,
          "LastName": "DAIGLE",
          "Payments": 0,
          "Status": 1
        }
      ],
      "AccountPayRollInfo": {
        "AutoDepositCalendarKey": 0,
        "ContributionsYTD": 0,
        "EmployeePPPContribution": 0,
        "EmployerPPPContributionsAmount": 0,
        "PayrollCycle": 1,
        "PlanEndDate": "/Date(1559278800000-0500)/",
        "PlanStartDate": "/Date(1527829200000-0500)/",
        "RemainingContributions": 2500
      },
      "AccountStartDate": "/Date(1527829200000-0500)/",
      "AccountType": "FSL",
      "AccountTypeOptions": 196608,
      "BalanceDue": 0,
      "CurrentDate": "/Date(-62135575200000-0600)/",
      "DPAccAllowManualClaims": null,
      "Deductible": 0,
      "DeductibleApplied": 0,
      "DeductibleRemaining": 0,
      "EligDte": "/Date(1527829200000-0500)/",
      "EmprPlanAllowFundRollover": false,
      "EmprPlanDeductmanagerEnabled": false,
      "FundRolloverInfo": null,
      "InternalFlexAcctOptions": 1,
      "IsEmprPlanMonthlyLimit": false,
      "IsHRA": false,
      "IsPrimaryRollover": false,
      "IsSecondaryRollover": false,
      "MccFlags": 1,
      "MonthlyDepositLimit": -1,
      "MonthlySpendingLimit": -1,
      "OnHoldAmount": 0,
      "PlanDefaultAcctCrossover": false,
      "PlanExtOptions": 0,
      "PlanMccFlags": 2,
      "PrimaryFundRolloverAmount": 0,
      "PrimaryFundRolloverDate": "/Date(-62135575200000-0600)/",
      "PrimaryFundRolloverRate": 0,
      "PrimaryFundRolloverRule": 0,
      "PrimaryFundsRolloverAccount": null,
      "PrimaryFundsRolloverAccountPlanEndDate": "/Date(-62135575200000-0600)/",
      "PrimaryFundsRolloverAccountPlanStartDate": "/Date(-62135575200000-0600)/",
      "PyFundsRolloverAccountPlanEndDate": "/Date(-62135575200000-0600)/",
      "PyFundsRolloverAccountPlanStartDate": "/Date(-62135575200000-0600)/",
      "PyIndividualRolloverAmount": 0,
      "PyIndividualRolloverRate": 0,
      "RemainingBalance": 3000,
      "SdFundsRolloverAccountPlanEndDate": "/Date(-62135575200000-0600)/",
      "SdFundsRolloverAccountPlanStartDate": "/Date(-62135575200000-0600)/",
      "SdIndividualRolloverAmount": 0,
      "SdIndividualRolloverRate": 0,
      "SecondaryFundRolloverAmount": 0,
      "SecondaryFundRolloverDate": "/Date(-62135575200000-0600)/",
      "SecondaryFundRolloverRate": 0,
      "SecondaryFundRolloverRule": 0,
      "SecondaryFundsRolloverAccount": null,
      "SecondaryIndividualRolloverAmount": 0,
      "SecondaryIndividualRolloverRate": 0,
      "SpendingLastDate": "/Date(1559278800000-0500)/",
      "Spent": 0,
      "SubmitClaimsLastDate": "/Date(1567227600000-0500)/"
    },
    "AccountDisplayHeader": "Limited Purpose Flexible Spending Account",
    "AccountDisplayOptions": 142606335,
    "AccountType": "FSL",
    "AccountTypeOptions": 196608,
    "AcctStatusCde": 1,
    "AdditionalDeposits": 500,
    "AnnualElection": 2500,
    "Balance": 3000,
    "BalanceDue": 0,
    "DataPartnerOptions": 0,
    "DisplayableFields": [
      {
        "AlternativeFieldName": "Account Description",
        "DisplayOptions": 2,
        "DisplaySpecifications": 0,
        "OriginalFieldName": "AccountDisplayHeader"
      },
      {
        "AlternativeFieldName": "Annual Election",
        "DisplayOptions": 2,
        "DisplaySpecifications": 0,
        "OriginalFieldName": "AnnualElection"
      },
      {
        "AlternativeFieldName": "Contributions YTD",
        "DisplayOptions": 2,
        "DisplaySpecifications": 0,
        "OriginalFieldName": "TotalContributions"
      },
      {
        "AlternativeFieldName": "Paid YTD",
        "DisplayOptions": 2,
        "DisplaySpecifications": 0,
        "OriginalFieldName": "Payments"
      },
      {
        "AlternativeFieldName": "Additional Deposits",
        "DisplayOptions": 2,
        "DisplaySpecifications": 0,
        "OriginalFieldName": "AdditionalDeposits"
      },
      {
        "AlternativeFieldName": "Plan Start",
        "DisplayOptions": 2,
        "DisplaySpecifications": 0,
        "OriginalFieldName": "PlanStartDate"
      },
      {
        "AlternativeFieldName": "Plan End",
        "DisplayOptions": 2,
        "DisplaySpecifications": 0,
        "OriginalFieldName": "PlanEndDate"
      },
      {
        "AlternativeFieldName": "Last Day to Submit Claims",
        "DisplayOptions": 2,
        "DisplaySpecifications": 0,
        "OriginalFieldName": "SubmitClaimsLastDate"
      },
      {
        "AlternativeFieldName": "Balance",
        "DisplayOptions": 2,
        "DisplaySpecifications": 0,
        "OriginalFieldName": "Balance"
      }
    ],
    "ExternalBankAccounts": null,
    "ExternalFunded": null,
    "FlexAccountKey": 6523,
    "FlexAcctId": "0000006523",
    "GracePeriodEndDte": "20190831",
    "HSABalance": 3000,
    "HraAcct": false,
    "IsWCABank": null,
    "OptInStatus": null,
    "Payments": 0,
    "PlanEndDate": "20190531",
    "PlanId": "002356197",
    "PlanOptions2": 8,
    "PlanStartDate": "20180601",
    "PlanYear": 1,
    "PortfolioBalance": 0,
    "Priority": 82,
    "ProductPartnerId": "",
    "SubmitClaimsLastDate": "/Date(1567227600000-0500)/",
    "TotalContributions": 0,
    "TotalHSABalance": 3000
  },
  {
    "AccountDetailInfo": {
      "AccountDisplayOptions": 142606335,
      "AccountEndDate": "/Date(1527742800000-0500)/",
      "AccountInfo": [
        {
          "AdditionalDeposits": 0,
          "Balance": 0,
          "DepFlexAcctStatus": 1,
          "DepStatus": 1,
          "EmpeFlexAcctStatus": 0,
          "EmpeRelation": 2,
          "FirstName": "BETTT",
          "FlexAcctKey": 5907,
          "IndividualAmount": 0,
          "Initial": "",
          "IsDep": true,
          "LastName": "DAIGLE",
          "Payments": 0,
          "Status": 0
        },
        {
          "AdditionalDeposits": 0,
          "Balance": 0,
          "DepFlexAcctStatus": 1,
          "DepStatus": 1,
          "EmpeFlexAcctStatus": 0,
          "EmpeRelation": 1,
          "FirstName": "PRUITT",
          "FlexAcctKey": 5907,
          "IndividualAmount": 0,
          "Initial": "",
          "IsDep": true,
          "LastName": "DAIGLE",
          "Payments": 0,
          "Status": 0
        },
        {
          "AdditionalDeposits": 0,
          "Balance": 0,
          "DepFlexAcctStatus": 0,
          "DepStatus": 0,
          "EmpeFlexAcctStatus": 1,
          "EmpeRelation": 0,
          "FirstName": "CHARLIE",
          "FlexAcctKey": 5907,
          "IndividualAmount": 0,
          "Initial": "",
          "IsDep": false,
          "LastName": "DAIGLE",
          "Payments": 0,
          "Status": 1
        }
      ],
      "AccountPayRollInfo": {
        "AutoDepositCalendarKey": 0,
        "ContributionsYTD": 0,
        "EmployeePPPContribution": 0,
        "EmployerPPPContributionsAmount": 0,
        "PayrollCycle": 1,
        "PlanEndDate": "/Date(1527742800000-0500)/",
        "PlanStartDate": "/Date(1496293200000-0500)/",
        "RemainingContributions": 0
      },
      "AccountStartDate": "/Date(1496293200000-0500)/",
      "AccountType": "ROL",
      "AccountTypeOptions": 196608,
      "BalanceDue": 0,
      "CurrentDate": "/Date(-62135575200000-0600)/",
      "DPAccAllowManualClaims": null,
      "Deductible": 0,
      "DeductibleApplied": 0,
      "DeductibleRemaining": 0,
      "EligDte": "/Date(1496293200000-0500)/",
      "EmprPlanAllowFundRollover": true,
      "EmprPlanDeductmanagerEnabled": false,
      "FundRolloverInfo": null,
      "InternalFlexAcctOptions": 1,
      "IsEmprPlanMonthlyLimit": false,
      "IsHRA": false,
      "IsPrimaryRollover": true,
      "IsSecondaryRollover": false,
      "MccFlags": 1,
      "MonthlyDepositLimit": -1,
      "MonthlySpendingLimit": -1,
      "OnHoldAmount": 0,
      "PlanDefaultAcctCrossover": false,
      "PlanExtOptions": 0,
      "PlanMccFlags": 2,
      "PrimaryFundRolloverAmount": 0,
      "PrimaryFundRolloverDate": "/Date(1535691600000-0500)/",
      "PrimaryFundRolloverRate": 0,
      "PrimaryFundRolloverRule": 1,
      "PrimaryFundsRolloverAccount": "FSL",
      "PrimaryFundsRolloverAccountPlanEndDate": "/Date(-62135575200000-0600)/",
      "PrimaryFundsRolloverAccountPlanStartDate": "/Date(-62135575200000-0600)/",
      "PyFundsRolloverAccountPlanEndDate": "/Date(1559278800000-0500)/",
      "PyFundsRolloverAccountPlanStartDate": "/Date(1527829200000-0500)/",
      "PyIndividualRolloverAmount": 0,
      "PyIndividualRolloverRate": 0,
      "RemainingBalance": 0,
      "SdFundsRolloverAccountPlanEndDate": "/Date(-62135575200000-0600)/",
      "SdFundsRolloverAccountPlanStartDate": "/Date(-62135575200000-0600)/",
      "SdIndividualRolloverAmount": 0,
      "SdIndividualRolloverRate": 0,
      "SecondaryFundRolloverAmount": 0,
      "SecondaryFundRolloverDate": "/Date(-62135575200000-0600)/",
      "SecondaryFundRolloverRate": 0,
      "SecondaryFundRolloverRule": 0,
      "SecondaryFundsRolloverAccount": null,
      "SecondaryIndividualRolloverAmount": 0,
      "SecondaryIndividualRolloverRate": 0,
      "SpendingLastDate": "/Date(1527742800000-0500)/",
      "Spent": 0,
      "SubmitClaimsLastDate": "/Date(1535691600000-0500)/"
    },
    "AccountDisplayHeader": "Flexible Spending Rollover Account",
    "AccountDisplayOptions": 142606335,
    "AccountType": "ROL",
    "AccountTypeOptions": 196608,
    "AcctStatusCde": 1,
    "AdditionalDeposits": 0,
    "AnnualElection": 0,
    "Balance": 0,
    "BalanceDue": 0,
    "DataPartnerOptions": 0,
    "DisplayableFields": [
      {
        "AlternativeFieldName": "Account Description",
        "DisplayOptions": 2,
        "DisplaySpecifications": 0,
        "OriginalFieldName": "AccountDisplayHeader"
      },
      {
        "AlternativeFieldName": "Annual Election",
        "DisplayOptions": 2,
        "DisplaySpecifications": 0,
        "OriginalFieldName": "AnnualElection"
      },
      {
        "AlternativeFieldName": "Contributions YTD",
        "DisplayOptions": 2,
        "DisplaySpecifications": 0,
        "OriginalFieldName": "TotalContributions"
      },
      {
        "AlternativeFieldName": "Paid YTD",
        "DisplayOptions": 2,
        "DisplaySpecifications": 0,
        "OriginalFieldName": "Payments"
      },
      {
        "AlternativeFieldName": "Additional Deposits",
        "DisplayOptions": 2,
        "DisplaySpecifications": 0,
        "OriginalFieldName": "AdditionalDeposits"
      },
      {
        "AlternativeFieldName": "Plan Start",
        "DisplayOptions": 2,
        "DisplaySpecifications": 0,
        "OriginalFieldName": "PlanStartDate"
      },
      {
        "AlternativeFieldName": "Plan End",
        "DisplayOptions": 2,
        "DisplaySpecifications": 0,
        "OriginalFieldName": "PlanEndDate"
      },
      {
        "AlternativeFieldName": "Last Day to Submit Claims",
        "DisplayOptions": 2,
        "DisplaySpecifications": 0,
        "OriginalFieldName": "SubmitClaimsLastDate"
      },
      {
        "AlternativeFieldName": "Balance",
        "DisplayOptions": 2,
        "DisplaySpecifications": 0,
        "OriginalFieldName": "Balance"
      }
    ],
    "ExternalBankAccounts": null,
    "ExternalFunded": null,
    "FlexAccountKey": 5907,
    "FlexAcctId": "0000005907",
    "GracePeriodEndDte": "20180831",
    "HSABalance": 0,
    "HraAcct": false,
    "IsWCABank": null,
    "OptInStatus": null,
    "Payments": 0,
    "PlanEndDate": "20180531",
    "PlanId": "002356197",
    "PlanOptions2": 2,
    "PlanStartDate": "20170601",
    "PlanYear": 2,
    "PortfolioBalance": 0,
    "Priority": 108,
    "ProductPartnerId": "",
    "SubmitClaimsLastDate": "/Date(1535691600000-0500)/",
    "TotalContributions": 0,
    "TotalHSABalance": 0
  },
  {
    "AccountDetailInfo": {
      "AccountDisplayOptions": 0,
      "AccountEndDate": "/Date(10445263200000-0600)/",
      "AccountInfo": [
        {
          "AdditionalDeposits": 0,
          "Balance": 0,
          "DepFlexAcctStatus": 1,
          "DepStatus": 1,
          "EmpeFlexAcctStatus": 0,
          "EmpeRelation": 1,
          "FirstName": "PRUITT",
          "FlexAcctKey": 3820,
          "IndividualAmount": 0,
          "Initial": "",
          "IsDep": true,
          "LastName": "DAIGLE",
          "Payments": 0,
          "Status": 0
        },
        {
          "AdditionalDeposits": 0,
          "Balance": 6706.09,
          "DepFlexAcctStatus": 0,
          "DepStatus": 0,
          "EmpeFlexAcctStatus": 2,
          "EmpeRelation": 0,
          "FirstName": "CHARLIE",
          "FlexAcctKey": 3820,
          "IndividualAmount": 0,
          "Initial": "",
          "IsDep": false,
          "LastName": "DAIGLE",
          "Payments": 43.92,
          "Status": 1
        }
      ],
      "AccountPayRollInfo": {
        "AutoDepositCalendarKey": 0,
        "ContributionsYTD": 7250,
        "EmployeePPPContribution": 0,
        "EmployerPPPContributionsAmount": 0,
        "PayrollCycle": 1,
        "PlanEndDate": "/Date(10445263200000-0600)/",
        "PlanStartDate": "/Date(1496293200000-0500)/",
        "RemainingContributions": 0
      },
      "AccountStartDate": "/Date(1496293200000-0500)/",
      "AccountType": "ABH",
      "AccountTypeOptions": 204543,
      "BalanceDue": 0,
      "CurrentDate": "/Date(-62135575200000-0600)/",
      "DPAccAllowManualClaims": true,
      "Deductible": 0,
      "DeductibleApplied": 0,
      "DeductibleRemaining": 0,
      "EligDte": "/Date(1496293200000-0500)/",
      "EmprPlanAllowFundRollover": false,
      "EmprPlanDeductmanagerEnabled": false,
      "FundRolloverInfo": null,
      "InternalFlexAcctOptions": 1,
      "IsEmprPlanMonthlyLimit": false,
      "IsHRA": false,
      "IsPrimaryRollover": false,
      "IsSecondaryRollover": false,
      "MccFlags": 0,
      "MonthlyDepositLimit": -1,
      "MonthlySpendingLimit": -1,
      "OnHoldAmount": 0,
      "PlanDefaultAcctCrossover": false,
      "PlanExtOptions": 8192,
      "PlanMccFlags": 2,
      "PrimaryFundRolloverAmount": 0,
      "PrimaryFundRolloverDate": "/Date(-62135575200000-0600)/",
      "PrimaryFundRolloverRate": 0,
      "PrimaryFundRolloverRule": 0,
      "PrimaryFundsRolloverAccount": null,
      "PrimaryFundsRolloverAccountPlanEndDate": "/Date(-62135575200000-0600)/",
      "PrimaryFundsRolloverAccountPlanStartDate": "/Date(-62135575200000-0600)/",
      "PyFundsRolloverAccountPlanEndDate": "/Date(-62135575200000-0600)/",
      "PyFundsRolloverAccountPlanStartDate": "/Date(-62135575200000-0600)/",
      "PyIndividualRolloverAmount": 0,
      "PyIndividualRolloverRate": 0,
      "RemainingBalance": 6706.09,
      "SdFundsRolloverAccountPlanEndDate": "/Date(-62135575200000-0600)/",
      "SdFundsRolloverAccountPlanStartDate": "/Date(-62135575200000-0600)/",
      "SdIndividualRolloverAmount": 0,
      "SdIndividualRolloverRate": 0,
      "SecondaryFundRolloverAmount": 0,
      "SecondaryFundRolloverDate": "/Date(-62135575200000-0600)/",
      "SecondaryFundRolloverRate": 0,
      "SecondaryFundRolloverRule": 0,
      "SecondaryFundsRolloverAccount": null,
      "SecondaryIndividualRolloverAmount": 0,
      "SecondaryIndividualRolloverRate": 0,
      "SpendingLastDate": "/Date(10445263200000-0600)/",
      "Spent": 43.92,
      "SubmitClaimsLastDate": "/Date(10445263200000-0600)/"
    },
    "AccountDisplayHeader": "Health Savings Account",
    "AccountDisplayOptions": 0,
    "AccountType": "ABH",
    "AccountTypeOptions": 204543,
    "AcctStatusCde": 2,
    "AdditionalDeposits": 0,
    "AnnualElection": 0,
    "Balance": 6706.09,
    "BalanceDue": 0,
    "DataPartnerOptions": 0,
    "DisplayableFields": [
      {
        "AlternativeFieldName": "Account Description",
        "DisplayOptions": 2,
        "DisplaySpecifications": 0,
        "OriginalFieldName": "AccountDisplayHeader"
      },
      {
        "AlternativeFieldName": "HSA Balance",
        "DisplayOptions": 2,
        "DisplaySpecifications": 0,
        "OriginalFieldName": "HSABalance"
      },
      {
        "AlternativeFieldName": "Portfolio Balance",
        "DisplayOptions": 2,
        "DisplaySpecifications": 0,
        "OriginalFieldName": "PortfolioBalance"
      },
      {
        "AlternativeFieldName": "Total HSA Balance",
        "DisplayOptions": 2,
        "DisplaySpecifications": 0,
        "OriginalFieldName": "TotalHSABalance"
      }
    ],
    "ExternalBankAccounts": [],
    "ExternalFunded": true,
    "FlexAccountKey": 3820,
    "FlexAcctId": "0000003820",
    "GracePeriodEndDte": "23001231",
    "HSABalance": 6706.09,
    "HraAcct": false,
    "IsWCABank": 1,
    "OptInStatus": true,
    "Payments": 43.92,
    "PlanEndDate": "23001231",
    "PlanId": "002356197",
    "PlanOptions2": 264,
    "PlanStartDate": "20170601",
    "PlanYear": 1,
    "PortfolioBalance": 0,
    "Priority": 84,
    "ProductPartnerId": "302",
    "SubmitClaimsLastDate": "/Date(10445263200000-0600)/",
    "TotalContributions": 7250,
    "TotalHSABalance": 6706.09
  },
  {
    "AccountDetailInfo": {
      "AccountDisplayOptions": 142606335,
      "AccountEndDate": "/Date(1527742800000-0500)/",
      "AccountInfo": [
        {
          "AdditionalDeposits": 0,
          "Balance": 0,
          "DepFlexAcctStatus": 1,
          "DepStatus": 1,
          "EmpeFlexAcctStatus": 0,
          "EmpeRelation": 1,
          "FirstName": "PRUITT",
          "FlexAcctKey": 3815,
          "IndividualAmount": 0,
          "Initial": "",
          "IsDep": true,
          "LastName": "DAIGLE",
          "Payments": 0,
          "Status": 0
        },
        {
          "AdditionalDeposits": 0,
          "Balance": 96.15,
          "DepFlexAcctStatus": 0,
          "DepStatus": 0,
          "EmpeFlexAcctStatus": 1,
          "EmpeRelation": 0,
          "FirstName": "CHARLIE",
          "FlexAcctKey": 3815,
          "IndividualAmount": 0,
          "Initial": "",
          "IsDep": false,
          "LastName": "DAIGLE",
          "Payments": 0,
          "Status": 1
        }
      ],
      "AccountPayRollInfo": {
        "AutoDepositCalendarKey": 0,
        "ContributionsYTD": 96.15,
        "EmployeePPPContribution": 96.15,
        "EmployerPPPContributionsAmount": 0,
        "PayrollCycle": 6,
        "PlanEndDate": "/Date(1527742800000-0500)/",
        "PlanStartDate": "/Date(1496293200000-0500)/",
        "RemainingContributions": 2403.85
      },
      "AccountStartDate": "/Date(1496293200000-0500)/",
      "AccountType": "DFS",
      "AccountTypeOptions": 16908288,
      "BalanceDue": 0,
      "CurrentDate": "/Date(-62135575200000-0600)/",
      "DPAccAllowManualClaims": null,
      "Deductible": 0,
      "DeductibleApplied": 0,
      "DeductibleRemaining": 0,
      "EligDte": "/Date(1496293200000-0500)/",
      "EmprPlanAllowFundRollover": false,
      "EmprPlanDeductmanagerEnabled": false,
      "FundRolloverInfo": null,
      "InternalFlexAcctOptions": 1,
      "IsEmprPlanMonthlyLimit": false,
      "IsHRA": false,
      "IsPrimaryRollover": false,
      "IsSecondaryRollover": false,
      "MccFlags": 1,
      "MonthlyDepositLimit": -1,
      "MonthlySpendingLimit": -1,
      "OnHoldAmount": 0,
      "PlanDefaultAcctCrossover": false,
      "PlanExtOptions": 0,
      "PlanMccFlags": 0,
      "PrimaryFundRolloverAmount": 0,
      "PrimaryFundRolloverDate": "/Date(-62135575200000-0600)/",
      "PrimaryFundRolloverRate": 0,
      "PrimaryFundRolloverRule": 0,
      "PrimaryFundsRolloverAccount": null,
      "PrimaryFundsRolloverAccountPlanEndDate": "/Date(-62135575200000-0600)/",
      "PrimaryFundsRolloverAccountPlanStartDate": "/Date(-62135575200000-0600)/",
      "PyFundsRolloverAccountPlanEndDate": "/Date(-62135575200000-0600)/",
      "PyFundsRolloverAccountPlanStartDate": "/Date(-62135575200000-0600)/",
      "PyIndividualRolloverAmount": 0,
      "PyIndividualRolloverRate": 0,
      "RemainingBalance": 96.15,
      "SdFundsRolloverAccountPlanEndDate": "/Date(-62135575200000-0600)/",
      "SdFundsRolloverAccountPlanStartDate": "/Date(-62135575200000-0600)/",
      "SdIndividualRolloverAmount": 0,
      "SdIndividualRolloverRate": 0,
      "SecondaryFundRolloverAmount": 0,
      "SecondaryFundRolloverDate": "/Date(-62135575200000-0600)/",
      "SecondaryFundRolloverRate": 0,
      "SecondaryFundRolloverRule": 0,
      "SecondaryFundsRolloverAccount": null,
      "SecondaryIndividualRolloverAmount": 0,
      "SecondaryIndividualRolloverRate": 0,
      "SpendingLastDate": "/Date(1527742800000-0500)/",
      "Spent": 0,
      "SubmitClaimsLastDate": "/Date(1535605200000-0500)/"
    },
    "AccountDisplayHeader": "Dependent Care Flexible Spending Account",
    "AccountDisplayOptions": 142606335,
    "AccountType": "DFS",
    "AccountTypeOptions": 16908288,
    "AcctStatusCde": 1,
    "AdditionalDeposits": 0,
    "AnnualElection": 2500,
    "Balance": 96.15,
    "BalanceDue": 0,
    "DataPartnerOptions": 0,
    "DisplayableFields": [
      {
        "AlternativeFieldName": "Account Description",
        "DisplayOptions": 2,
        "DisplaySpecifications": 0,
        "OriginalFieldName": "AccountDisplayHeader"
      },
      {
        "AlternativeFieldName": "Annual Election",
        "DisplayOptions": 2,
        "DisplaySpecifications": 0,
        "OriginalFieldName": "AnnualElection"
      },
      {
        "AlternativeFieldName": "Contributions YTD",
        "DisplayOptions": 2,
        "DisplaySpecifications": 0,
        "OriginalFieldName": "TotalContributions"
      },
      {
        "AlternativeFieldName": "Paid YTD",
        "DisplayOptions": 2,
        "DisplaySpecifications": 0,
        "OriginalFieldName": "Payments"
      },
      {
        "AlternativeFieldName": "Additional Deposits",
        "DisplayOptions": 2,
        "DisplaySpecifications": 0,
        "OriginalFieldName": "AdditionalDeposits"
      },
      {
        "AlternativeFieldName": "Plan Start",
        "DisplayOptions": 2,
        "DisplaySpecifications": 0,
        "OriginalFieldName": "PlanStartDate"
      },
      {
        "AlternativeFieldName": "Plan End",
        "DisplayOptions": 2,
        "DisplaySpecifications": 0,
        "OriginalFieldName": "PlanEndDate"
      },
      {
        "AlternativeFieldName": "Last Day to Submit Claims",
        "DisplayOptions": 2,
        "DisplaySpecifications": 0,
        "OriginalFieldName": "SubmitClaimsLastDate"
      },
      {
        "AlternativeFieldName": "Balance",
        "DisplayOptions": 1,
        "DisplaySpecifications": 0,
        "OriginalFieldName": "Balance"
      }
    ],
    "ExternalBankAccounts": null,
    "ExternalFunded": null,
    "FlexAccountKey": 3815,
    "FlexAcctId": "0000003815",
    "GracePeriodEndDte": "20180830",
    "HSABalance": 96.15,
    "HraAcct": false,
    "IsWCABank": null,
    "OptInStatus": null,
    "Payments": 0,
    "PlanEndDate": "20180531",
    "PlanId": "002356197",
    "PlanOptions2": 2,
    "PlanStartDate": "20170601",
    "PlanYear": 2,
    "PortfolioBalance": 0,
    "Priority": 89,
    "ProductPartnerId": "",
    "SubmitClaimsLastDate": "/Date(1535605200000-0500)/",
    "TotalContributions": 96.15,
    "TotalHSABalance": 96.15
  },
  {
    "AccountDetailInfo": {
      "AccountDisplayOptions": 142606335,
      "AccountEndDate": "/Date(1527742800000-0500)/",
      "AccountInfo": [
        {
          "AdditionalDeposits": 0,
          "Balance": 0,
          "DepFlexAcctStatus": 1,
          "DepStatus": 1,
          "EmpeFlexAcctStatus": 0,
          "EmpeRelation": 1,
          "FirstName": "PRUITT",
          "FlexAcctKey": 3810,
          "IndividualAmount": 0,
          "Initial": "",
          "IsDep": true,
          "LastName": "DAIGLE",
          "Payments": 0,
          "Status": 0
        },
        {
          "AdditionalDeposits": -500,
          "Balance": 1975,
          "DepFlexAcctStatus": 0,
          "DepStatus": 0,
          "EmpeFlexAcctStatus": 1,
          "EmpeRelation": 0,
          "FirstName": "CHARLIE",
          "FlexAcctKey": 3810,
          "IndividualAmount": 0,
          "Initial": "",
          "IsDep": false,
          "LastName": "DAIGLE",
          "Payments": 25,
          "Status": 1
        }
      ],
      "AccountPayRollInfo": {
        "AutoDepositCalendarKey": 0,
        "ContributionsYTD": 0,
        "EmployeePPPContribution": 0,
        "EmployerPPPContributionsAmount": 0,
        "PayrollCycle": 1,
        "PlanEndDate": "/Date(1527742800000-0500)/",
        "PlanStartDate": "/Date(1496293200000-0500)/",
        "RemainingContributions": 2500
      },
      "AccountStartDate": "/Date(1496293200000-0500)/",
      "AccountType": "FSL",
      "AccountTypeOptions": 196608,
      "BalanceDue": 0,
      "CurrentDate": "/Date(-62135575200000-0600)/",
      "DPAccAllowManualClaims": null,
      "Deductible": 0,
      "DeductibleApplied": 0,
      "DeductibleRemaining": 0,
      "EligDte": "/Date(1496293200000-0500)/",
      "EmprPlanAllowFundRollover": true,
      "EmprPlanDeductmanagerEnabled": false,
      "FundRolloverInfo": null,
      "InternalFlexAcctOptions": 1,
      "IsEmprPlanMonthlyLimit": false,
      "IsHRA": false,
      "IsPrimaryRollover": true,
      "IsSecondaryRollover": false,
      "MccFlags": 1,
      "MonthlyDepositLimit": -1,
      "MonthlySpendingLimit": -1,
      "OnHoldAmount": 0,
      "PlanDefaultAcctCrossover": false,
      "PlanExtOptions": 8192,
      "PlanMccFlags": 2,
      "PrimaryFundRolloverAmount": 500,
      "PrimaryFundRolloverDate": "/Date(1527742800000-0500)/",
      "PrimaryFundRolloverRate": 0,
      "PrimaryFundRolloverRule": 2,
      "PrimaryFundsRolloverAccount": "ROL",
      "PrimaryFundsRolloverAccountPlanEndDate": "/Date(-62135575200000-0600)/",
      "PrimaryFundsRolloverAccountPlanStartDate": "/Date(-62135575200000-0600)/",
      "PyFundsRolloverAccountPlanEndDate": "/Date(1527742800000-0500)/",
      "PyFundsRolloverAccountPlanStartDate": "/Date(1496293200000-0500)/",
      "PyIndividualRolloverAmount": 0,
      "PyIndividualRolloverRate": 0,
      "RemainingBalance": 1975,
      "SdFundsRolloverAccountPlanEndDate": "/Date(-62135575200000-0600)/",
      "SdFundsRolloverAccountPlanStartDate": "/Date(-62135575200000-0600)/",
      "SdIndividualRolloverAmount": 0,
      "SdIndividualRolloverRate": 0,
      "SecondaryFundRolloverAmount": 0,
      "SecondaryFundRolloverDate": "/Date(-62135575200000-0600)/",
      "SecondaryFundRolloverRate": 0,
      "SecondaryFundRolloverRule": 0,
      "SecondaryFundsRolloverAccount": null,
      "SecondaryIndividualRolloverAmount": 0,
      "SecondaryIndividualRolloverRate": 0,
      "SpendingLastDate": "/Date(1527742800000-0500)/",
      "Spent": 25,
      "SubmitClaimsLastDate": "/Date(1535691600000-0500)/"
    },
    "AccountDisplayHeader": "Limited Purpose Flexible Spending Account",
    "AccountDisplayOptions": 142606335,
    "AccountType": "FSL",
    "AccountTypeOptions": 196608,
    "AcctStatusCde": 1,
    "AdditionalDeposits": -500,
    "AnnualElection": 2500,
    "Balance": 1975,
    "BalanceDue": 0,
    "DataPartnerOptions": 0,
    "DisplayableFields": [
      {
        "AlternativeFieldName": "Account Description",
        "DisplayOptions": 2,
        "DisplaySpecifications": 0,
        "OriginalFieldName": "AccountDisplayHeader"
      },
      {
        "AlternativeFieldName": "Annual Election",
        "DisplayOptions": 2,
        "DisplaySpecifications": 0,
        "OriginalFieldName": "AnnualElection"
      },
      {
        "AlternativeFieldName": "Contributions YTD",
        "DisplayOptions": 2,
        "DisplaySpecifications": 0,
        "OriginalFieldName": "TotalContributions"
      },
      {
        "AlternativeFieldName": "Paid YTD",
        "DisplayOptions": 2,
        "DisplaySpecifications": 0,
        "OriginalFieldName": "Payments"
      },
      {
        "AlternativeFieldName": "Additional Deposits",
        "DisplayOptions": 2,
        "DisplaySpecifications": 0,
        "OriginalFieldName": "AdditionalDeposits"
      },
      {
        "AlternativeFieldName": "Plan Start",
        "DisplayOptions": 2,
        "DisplaySpecifications": 0,
        "OriginalFieldName": "PlanStartDate"
      },
      {
        "AlternativeFieldName": "Plan End",
        "DisplayOptions": 2,
        "DisplaySpecifications": 0,
        "OriginalFieldName": "PlanEndDate"
      },
      {
        "AlternativeFieldName": "Last Day to Submit Claims",
        "DisplayOptions": 2,
        "DisplaySpecifications": 0,
        "OriginalFieldName": "SubmitClaimsLastDate"
      },
      {
        "AlternativeFieldName": "Balance",
        "DisplayOptions": 2,
        "DisplaySpecifications": 0,
        "OriginalFieldName": "Balance"
      }
    ],
    "ExternalBankAccounts": null,
    "ExternalFunded": null,
    "FlexAccountKey": 3810,
    "FlexAcctId": "0000003810",
    "GracePeriodEndDte": "20180831",
    "HSABalance": 1975,
    "HraAcct": false,
    "IsWCABank": null,
    "OptInStatus": null,
    "Payments": 25,
    "PlanEndDate": "20180531",
    "PlanId": "002356197",
    "PlanOptions2": 8,
    "PlanStartDate": "20170601",
    "PlanYear": 2,
    "PortfolioBalance": 0,
    "Priority": 81,
    "ProductPartnerId": "",
    "SubmitClaimsLastDate": "/Date(1535691600000-0500)/",
    "TotalContributions": 0,
    "TotalHSABalance": 1975
  }
]