{
  "AccTypeCode": "ABH",
  "Amount": 7.6E-1,
  "ApprovedAmount": 7.6E-1,
  "CardNumber": "",
  "CardProxyNum": "",
  "CheckTraceNum": "",
  "CheckTraceNumStatus": "",
  "ConvFeePayerCode": 0,
  "DeductibleAmount": 0E+0,
  "DeniedAmount": 0E+0,
  "DeniedCommentForClaim": null,
  "DepositSubTypeID": "",
  "DisbursableBal": 6.75181E+3,
  "EligibleAmount": 7.6E-1,
  "EmpeDepID": "1702",
  "ExcludedAmount": 0E+0,
  "ExcludedReason": "0",
  "HSACodeDesc": null,
  "HSAHoldBalance": 0E+0,
  "IneligibleAmount": 0E+0,
  "IneligibleReason": null,
  "IsCheckReissued": false,
  "IsDependent": false,
  "IsPartialAuth": false,
  "IsPayProvider": false,
  "LowFundsAmount": -6.75029E+3,
  "MCC": " ",
  "MerchantID": "",
  "MerchantName": "INTEREST PAYMENT",
  "Notes": "LEDGER BALANCE PRIOR TO INTEREST PAYMENT: $6,751.05",
  "OffsetAmount": 0E+0,
  "OrgTransactionDate": "\/Date(1519884000000-0600)\/",
  "OrigTxnAmt": 0,
  "OrigTxnOnholdDate": "\/Date(-2208967200000-0600)\/",
  "OriginCode": 4,
  "OriginCodeDesc": null,
  "OriginalMCC": "",
  "PendedAmount": 0E+0,
  "PendedCommentForClaim": null,
  "PlanEndDate": "23001231",
  "PlanID": "002356197",
  "PlanStartDate": "20170601",
  "PostingDate": "\/Date(1522472400000-0500)\/",
  "ProviderAddressLine1": "",
  "ProviderAddressLine2": "",
  "ProviderCity": "",
  "ProviderName": "Blue cross",
  "ProviderState": "",
  "ProviderZipCode": "",
  "ReasonDeniedForClaim": null,
  "ReasonPendedForClaim": null,
  "ReceiptsInfo": [],
  "RecurrenceEndDate": "\/Date(-2208967200000-0600)\/",
  "RecurrenceFrequency": "",
  "RecurrenceLastRunDate": "\/Date(-2208967200000-0600)\/",
  "RecurrenceMadeNum": 0,
  "RecurrenceNextRunDate": "\/Date(-2208967200000-0600)\/",
  "RecurrencePendingNum": 0,
  "RecurrenceStartDate": "\/Date(-2208967200000-0600)\/",
  "ReimbAmt": 0,
  "ReimbDate": "",
  "ReimbMethod": 0,
  "RemainingBalanceDue": 0,
  "SCC": "",
  "SCCDesc": "",
  "SeqNum": "",
  "ServiceEndDate": "\/Date(1522472400000-0500)\/",
  "ServiceStartDate": "\/Date(1519884000000-0600)\/",
  "SettlementDate": "20180401",
  "SettlementSeqNum": 50001668,
  "TaskScheduleKey": -1,
  "TerminalCity": "",
  "TerminalID": "",
  "TerminalName": "INTEREST PAYMENT",
  "TerminalOwnerName": "INTEREST PAYMENT",
  "TerminalState": "",
  "TransactionCode": 37,
  "TransactionDate": "\/Date(1522529311043-0500)\/",
  "TransactionDesc": "Admin - Interest Payment ",
  "TransactionKey": "3750002876-20180731-15521916",
  "TransactionStatus": 1,
  "TxnAmtOrig": 7.6E-1,
  "TxnHoldKey": -1,
  "AboveRCAmtReimbursed": 0E+0,
  "AboveRCAmtRequested": 0E+0,
  "AllowedAmt": 0E+0,
  "BenefitMaxMetAmtReimbursed": 0E+0,
  "BenefitMaxMetAmtRequested": 0E+0,
  "BilledAmt": 0E+0,
  "ClaimLine": -1,
  "CoinsuranceAmtReimbursed": 0E+0,
  "CoinsuranceAmtRequested": 0E+0,
  "CopayAmtReimbursed": 0E+0,
  "CopayAmtRequested": 0E+0,
  "DeductibleAmtReimbursed": 0E+0,
  "DeductibleAmtRequested": 0E+0,
  "ExcessAmtReimbursed": 0E+0,
  "ExcessAmtRequested": 0E+0,
  "ExternalClaimID": "1025540",
  "InsurancePaidAmount": 0E+0,
  "NotCoveredAmtReimbursed": 0E+0,
  "NotCoveredAmtRequested": 0E+0,
  "ServiceCategoryTier": 0,
  "ServiceProcedureCode": "",
  "TrackingNumber": "",
  "CoinsuranceAmount": 0E+0,
  "CopayAmount": 0E+0,
  "EmployeePaidAmount": 0E+0,
  "ExcludedReasonDesc": "",
  "PreviousPaidAmount": 0,
  "ReimbursableAmount": 0,
  "TxnTotalAmount": 7.6E-1
}
