[
  {
    "CurrYrCatchUpContribution": 1000,
    "CurrYrFamilyLimit": 6900,
    "CurrYrSingleLimit": 3450,
    "CurrentYear": 2018,
    "CurrentYearContributions": 0,
    "CurrentYearDistributions": 46.92,
    "CurrentYearInterestPaid": 5.14,
    "CurrentYearRolloverContributions": 0,
    "CurrentYearTotContributions": 0,
    "EmployeePerPayPeriodAmt": 0,
    "EmployerContributionsYTD": 0,
    "EmployerPerPayPeriodAmt": 0,
    "EmployerPriorYearContributions": 6750,
    "ExternalAcctId": "30202174233",
    "HSACurrentBalance": 6706.59,
    "HSAProductPartnerName": "Avidia Bank",
    "MinimumBalToInvestInTrustAcct": 1001,
    "MinimumBalanceRqdinHSAAcct": 1000,
    "PendingTrades": 0,
    "PortfolioBalance": 0,
    "PriorYearContributions": 6750,
    "PriorYearDistributions": 3,
    "PriorYearRolloverContributions": 0,
    "PriorYrCatchUpContribution": 1000,
    "PriorYrFamilyLimit": 6750,
    "PriorYrSingleLimit": 3400,
    "RemainingBalanceAmt": 0,
    "SpentAmt": 0,
    "TotalAvailabletoInvest": 5706.59,
    "TotalAvailabletoSpend": 6706.59,
    "TotalContributionsYTD": 0,
    "TotalHSABalance": 6706.59,
    "TotalPriorContributions": 6750,
    "TrustAcctNum": "I1aZKGgh9AiVR7aFCYsBtQ==",
    "YourContributionsYTD": 0,
    "YourPriorYearContributions": 0
  }
]