{
    "totalRows": 6,
    "uploadedData": [
        {
            "messageId": 801,
            "timeStamp": "11:00am",
            "rowNum": 1,
            "isDeleted": false,
            "alertShortTxt": "imagename.png",
            "alertLongTxt": "for Weight Loss Reimbursment submitted on 04/06/18.weight loss Reimbursment would be available soon",
            "dateTimeStamp": "Wednesday, 12/02/2017 at 11:00am",
            "dateStamp": "12/02/2016",
            "dayStamp": "Wednesday"
        },
        {
            "messageId": 802,
            "timeStamp": "11:00am",
            "rowNum": 1,
            "isDeleted": false,
            "alertShortTxt": "imagename1.png",
            "alertLongTxt": "for Weight Loss Reimbursment submitted on 04/06/18. weight loss Reimbursment would be available soon",
            "dateTimeStamp": "Wednesday, 12/02/2017 at 11:00am",
            "dateStamp": "01/02/2017",
            "dayStamp": "Wednesday"
        },
        {
            "messageId": 803,
            "timeStamp": "11:00am",
            "rowNum": 1,
            "isDeleted": false,
            "alertShortTxt": "imagename2.png",
            "alertLongTxt": "for Weight Loss Reimbursment submitted on 04/06/18.weight loss Reimbursment would be available soon",
            "dateTimeStamp": "Wednesday, 12/02/2017 at 11:00am",
            "dateStamp": "02/02/2017",
            "dayStamp": "Wednesday"
        },
        {
            "messageId": 804,
            "timeStamp": "11:00am",
            "rowNum": 1,
            "isDeleted": false,
            "alertShortTxt": "imagename3.png",
            "alertLongTxt": "for Weight Loss Reimbursment submitted on 04/06/18",
            "dateTimeStamp": "Wednesday, 12/02/2017 at 11:00am",
            "dateStamp": "03/02/2017",
            "dayStamp": "Wednesday"
        },
        {
            "messageId": 805,
            "timeStamp": "11:00am",
            "rowNum": 1,
            "isDeleted": false,
            "alertShortTxt": "imagename4.png",
            "alertLongTxt": "for Weight Loss Reimbursment submitted on 04/06/18",
            "dateTimeStamp": "Wednesday, 12/02/2017 at 11:00am",
            "dateStamp": "04/02/2017",
            "dayStamp": "Wednesday"
        },
        {
            "messageId": 806,
            "timeStamp": "11:00am",
            "rowNum": 1,
            "isDeleted": false,
            "alertShortTxt": "imagename5.png",
            "alertLongTxt": "for Weight Loss Reimbursment submitted on 04/06/18",
            "dateTimeStamp": "Wednesday, 12/02/2017 at 11:00am",
            "dateStamp": "05/02/2017",
            "dayStamp": "Wednesday"
        },
        {
            "messageId": 807,
            "timeStamp": "11:00am",
            "rowNum": 1,
            "isDeleted": false,
            "alertShortTxt": "imagename6.png",
            "alertLongTxt": "for Weight Loss Reimbursment submitted on 04/06/18",
            "dateTimeStamp": "Wednesday, 12/02/2017 at 11:00am",
            "dateStamp": "06/02/2017",
            "dayStamp": "Wednesday"
        },
        {
            "messageId": 801,
            "timeStamp": "11:00am",
            "rowNum": 1,
            "isDeleted": false,
            "alertShortTxt": "imagename.png",
            "alertLongTxt": "for Weight Loss Reimbursment submitted on 04/06/18",
            "dateTimeStamp": "Wednesday, 12/02/2017 at 11:00am",
            "dateStamp": "07/02/2016",
            "dayStamp": "Wednesday"
        },
        {
            "messageId": 802,
            "timeStamp": "11:00am",
            "rowNum": 1,
            "isDeleted": false,
            "alertShortTxt": "imagename1.png",
            "alertLongTxt": "for Weight Loss Reimbursment submitted on 04/06/18",
            "dateTimeStamp": "Wednesday, 12/02/2017 at 11:00am",
            "dateStamp": "08/02/2017",
            "dayStamp": "Wednesday"
        },
        {
            "messageId": 803,
            "timeStamp": "11:00am",
            "rowNum": 1,
            "isDeleted": false,
            "alertShortTxt": "imagename2.png",
            "alertLongTxt": "for Weight Loss Reimbursment submitted on 04/06/18",
            "dateTimeStamp": "Wednesday, 12/02/2017 at 11:00am",
            "dateStamp": "09/02/2017",
            "dayStamp": "Wednesday"
        },
        {
            "messageId": 804,
            "timeStamp": "11:00am",
            "rowNum": 1,
            "isDeleted": false,
            "alertShortTxt": "imagename3.png",
            "alertLongTxt": "for Weight Loss Reimbursment submitted on 04/06/18",
            "dateTimeStamp": "Wednesday, 12/02/2017 at 11:00am",
            "dateStamp": "10/02/2017",
            "dayStamp": "Wednesday"
        },
        {
            "messageId": 805,
            "timeStamp": "11:00am",
            "rowNum": 1,
            "isDeleted": false,
            "alertShortTxt": "imagename4.png",
            "alertLongTxt": "for Weight Loss Reimbursment submitted on 04/06/18",
            "dateTimeStamp": "Wednesday, 12/02/2017 at 11:00am",
            "dateStamp": "11/02/2017",
            "dayStamp": "Wednesday"
        },
        {
            "messageId": 806,
            "timeStamp": "11:00am",
            "rowNum": 1,
            "isDeleted": false,
            "alertShortTxt": "imagename5.png",
            "alertLongTxt": "for Weight Loss Reimbursment submitted on 04/06/18",
            "dateTimeStamp": "Wednesday, 12/02/2017 at 11:00am",
            "dateStamp": "12/02/2017",
            "dayStamp": "Wednesday"
        },
        {
            "messageId": 807,
            "timeStamp": "11:00am",
            "rowNum": 1,
            "isDeleted": false,
            "alertShortTxt": "imagename6.png",
            "alertLongTxt": "for Weight Loss Reimbursment submitted on 04/06/18",
            "dateTimeStamp": "Wednesday, 12/02/2017 at 11:00am",
            "dateStamp": "01/02/2018",
            "dayStamp": "Wednesday"
        },
        {
            "messageId": 801,
            "timeStamp": "11:00am",
            "rowNum": 1,
            "isDeleted": false,
            "alertShortTxt": "imagename.png",
            "alertLongTxt": "for Weight Loss Reimbursment submitted on 04/06/18",
            "dateTimeStamp": "Wednesday, 12/02/2017 at 11:00am",
            "dateStamp": "02/02/2018",
            "dayStamp": "Wednesday"
        },
        {
            "messageId": 802,
            "timeStamp": "11:00am",
            "rowNum": 1,
            "isDeleted": false,
            "alertShortTxt": "imagename1.png",
            "alertLongTxt": "for Weight Loss Reimbursment submitted on 04/06/18",
            "dateTimeStamp": "Wednesday, 12/02/2017 at 11:00am",
            "dateStamp": "03/02/2018",
            "dayStamp": "Wednesday"
        },
        {
            "messageId": 803,
            "timeStamp": "11:00am",
            "rowNum": 1,
            "isDeleted": false,
            "alertShortTxt": "imagename2.png",
            "alertLongTxt": "for Weight Loss Reimbursment submitted on 04/06/18",
            "dateTimeStamp": "Wednesday, 12/02/2017 at 11:00am",
            "dateStamp": "04/02/2018",
            "dayStamp": "Wednesday"
        },
        {
            "messageId": 804,
            "timeStamp": "11:00am",
            "rowNum": 1,
            "isDeleted": false,
            "alertShortTxt": "imagename3.png",
            "alertLongTxt": "for Weight Loss Reimbursment submitted on 04/06/18",
            "dateTimeStamp": "Wednesday, 12/02/2017 at 11:00am",
            "dateStamp": "05/02/2018",
            "dayStamp": "Wednesday"
        },
        {
            "messageId": 805,
            "timeStamp": "11:00am",
            "rowNum": 1,
            "isDeleted": false,
            "alertShortTxt": "imagename4.png",
            "alertLongTxt": "for Weight Loss Reimbursment submitted on 04/06/18",
            "dateTimeStamp": "Wednesday, 12/02/2017 at 11:00am",
            "dateStamp": "04/02/2018",
            "dayStamp": "Wednesday"
        },
        {
            "messageId": 806,
            "timeStamp": "11:00am",
            "rowNum": 1,
            "isDeleted": false,
            "alertShortTxt": "imagename5.png",
            "alertLongTxt": "for Weight Loss Reimbursment submitted on 04/06/18",
            "dateTimeStamp": "Wednesday, 12/02/2017 at 11:00am",
            "dateStamp": "05/02/2018",
            "dayStamp": "Wednesday"
        },
        {
            "messageId": 807,
            "timeStamp": "11:00am",
            "rowNum": 1,
            "isDeleted": false,
            "alertShortTxt": "imagename6.png",
            "alertLongTxt": "for Weight Loss Reimbursment submitted on 04/06/18",
            "dateTimeStamp": "Wednesday, 12/02/2017 at 11:00am",
            "dateStamp": "01/02/2018",
            "dayStamp": "Wednesday"
        }
    ]
}