{
  "appId": "com.bluecrossma.BCBSMA.test",
  "appName": "TestBCBSMA",
  "bundledWebRuntime": false,
  "npmClient": "npm",
  "webDir": "www",
  "plugins": {
    "SplashScreen": {
      "launchShowDuration": 5000,
      "launchAutoHide": true,
      "backgroundColor": "#ffffffff",
      "androidScaleType": "CENTER_CROP",
      "androidSpinnerStyle": "large",
      "iosSpinnerStyle": "small",
      "spinnerColor": "#999999",
      "showSpinner": true,
      "splashFullScreen": true,
      "splashImmersive": true
    }
  },
  "cordova": {
    "preferences": {
      "ScrollEnabled": "false",
      "BackupWebStorage": "none",
      "SplashMaintainAspectRatio": "true",
      "FadeSplashScreenDuration": "300",
      "SplashShowOnlyFirstTime": "false",
      "SplashScreen": "screen",
      "SplashScreenDelay": "3000",
      "PrivacyOnBackground": "true",
      "PrivacyTimer": "1",
      "DisableDeploy": "false",
      "Orientation": "portrait",
      "AndroidPersistentFileLocation": "Internal"
    }
  }
}
