{
  "project_info": {
    "project_number": "543544398746",
    "project_id": "myblue-test-2c999",
    "storage_bucket": "myblue-test-2c999.appspot.com"
  },
  "client": [
    {
      "client_info": {
        "mobilesdk_app_id": "1:543544398746:android:9e679af080f10500d4a023",
        "android_client_info": {
          "package_name": "com.bluecrossma.BCBSMA.test"
        }
      },
      "oauth_client": [
        {
          "client_id": "543544398746-gk8cp6mo5jmoab4td9q7pvnc3hi3hmd4.apps.googleusercontent.com",
          "client_type": 3
        }
      ],
      "api_key": [
        {
          "current_key": "AIzaSyB-NAp4dbn4M157qWOkCJKI6wC445ROMOA"
        }
      ],
      "services": {
        "appinvite_service": {
          "other_platform_oauth_client": [
            {
              "client_id": "543544398746-gk8cp6mo5jmoab4td9q7pvnc3hi3hmd4.apps.googleusercontent.com",
              "client_type": 3
            }
          ]
        }
      }
    }
  ],
  "configuration_version": "1"
}
