{
  "project_info": {
    "project_number": "575180338581",
    "firebase_url": "https://orbital-clarity-197320.firebaseio.com",
    "project_id": "orbital-clarity-197320",
    "storage_bucket": "orbital-clarity-197320.appspot.com"
  },
  "client": [
    {
      "client_info": {
        "mobilesdk_app_id": "1:575180338581:android:d6dfcf5e69bc1acb",
        "android_client_info": {
          "package_name": "com.bluecrossma.bcbsma"
        }
      },
      "oauth_client": [
        {
          "client_id": "575180338581-ui160s0745dcsndkp4sk65td3bk5u1hf.apps.googleusercontent.com",
          "client_type": 3
        }
      ],
      "api_key": [
        {
          "current_key": "AIzaSyDcijPAYXsY0aXtxqyWWtneANJLZQUo5Z8"
        }
      ],
      "services": {
        "appinvite_service": {
          "other_platform_oauth_client": [
            {
              "client_id": "575180338581-ui160s0745dcsndkp4sk65td3bk5u1hf.apps.googleusercontent.com",
              "client_type": 3
            },
            {
              "client_id": "575180338581-cv4cbkma13j3900ed96hsfl63t1hvj15.apps.googleusercontent.com",
              "client_type": 2,
              "ios_info": {
                "bundle_id": "com.bluecrossma.BCBSMA.test",
                "app_store_id": "1098221742"
              }
            }
          ]
        }
      }
    }
  ],
  "configuration_version": "1"
}
