{
  "extends": ["tslint:recommended", "tslint-config-prettier"],
  "rulesDirectory": ["codelyzer"],
  "rules": {
    "array-type": false,
    "arrow-return-shorthand": true,
    "callable-types": true,
    "class-name": true,
    "comment-format": [false, "check-space"],
    "curly": true,
    "eofline": true,
    "forin": true,
    "deprecation": {
      "severity": "warning"
    },
    "file-name-casing": [true, { ".ts": "kebab-case" }],
    "import-blacklist": [true, "rxjs/Rx"],
    "import-spacing": true,
    "jsdoc-format": false,
    "ordered-imports": false,
    "indent": [true, "spaces"],
    "interface-over-type-literal": true,
    "interface-name": false,
    "label-position": true,
    "one-variable-per-declaration": false,
    "max-classes-per-file": false,
    "max-line-length": [true, 180],
    "max-file-line-count": [true, 3000],
    "member-access": false,
    "member-ordering": [
      true,
      {
        "order": ["static-field", "instance-field", "static-method", "instance-method"]
      }
    ],
    "no-arg": true,
    "no-bitwise": true,
    "no-console": [true, "debug", "info", "time", "timeEnd", "trace"],
    "no-construct": true,
    "no-debugger": true,
    "no-duplicate-super": true,
    "no-empty": false,
    "no-empty-interface": true,
    "no-eval": true,
    "no-inferrable-types": [true, "ignore-params"],
    "no-magic-numbers": false,
    "no-misused-new": true,
    "no-non-null-assertion": true,
    "no-shadowed-variable": false,
    "no-string-literal": false,
    "no-string-throw": true,
    "no-switch-case-fall-through": true,
    "no-trailing-whitespace": true,
    "no-unnecessary-initializer": true,
    "no-unused-expression": true,
    "no-var-keyword": true,
    "object-literal-shorthand": false,
    "object-literal-sort-keys": false,
    "one-line": [true, "check-open-brace", "check-catch", "check-else", "check-whitespace"],
    "only-arrow-functions": [true, "allow-declarations", "allow-named-functions"],
    "prefer-conditional-expression": false,
    "prefer-const": true,
    "prefer-for-of": false,
    "quotemark": false,
    "radix": true,
    "semicolon": [false, "always"],
    "triple-equals": [true, "allow-null-check"],
    "typedef-whitespace": [
      true,
      {
        "call-signature": "nospace",
        "index-signature": "nospace",
        "parameter": "nospace",
        "property-declaration": "nospace",
        "variable-declaration": "nospace"
      }
    ],
    "unified-signatures": true,
    "variable-name": true,
    "whitespace": [true, "check-branch", "check-decl", "check-operator", "check-separator", "check-type"],
    "contextual-lifecycle": true,
    "no-output-on-prefix": false,
    "no-input-rename": true,
    "no-output-rename": true,
    "use-lifecycle-interface": true,
    "use-pipe-decorator": true,
    "use-pipe-transform-interface": true,
    "component-class-suffix": false,
    "directive-class-suffix": true
  }
}
