[
  {
    "id": "medicalPlan",
    "label": "MEDICAL PLAN",
    "icon": "fa-shield",
    "value": [
      {
        "id": "",
        "label": "Plan Name",
        "value": [
          {
            "label": "Overall Deducatible",
            "value": "2300.00",
            "kind": "LABELVALUE"
          },
          {
            "label": "",
            "kind": "HORIZONTALGROUP",
            "value": [
              {
                "label": "Contributed",
                "value": "comment: backend should give percentage",
                "kind": "PROGRESSBAR"
              }
            ]
          }
        ]
      }
    ]
  },
  {}
]
