{
  "overallRating": "5",
  "percentRecommended": "100%",
  "totalReviews": 5,
  "environmentRating": "2",
  "communicationRating": "1",
  "availabilityRating": "3",
  "reviews": [
    {
      "reviewDate": "06/23/2018",
      "screenName": "TG",
      "recommended": "Yes",
      "overallExperience": "4.5",
      "communication": "5",
      "availability": "3.5",
      "environment": "4",
      "headline": "Great Choice",
      "comments": "We have had him since we moved to MA and he now takes care of all 4 of us in the family."
    },
    {
      "reviewDate": "06/23/2018",
      "screenName": "TG",
      "recommended": "Yes",
      "overallExperience": "4.5",
      "communication": "5",
      "availability": "3.5",
      "environment": "4",
      "headline": "Great Choice",
      "comments": "We have had him since we moved to MA and he now takes care of all 4 of us in the family."
    },
    {
      "reviewDate": "06/23/2018",
      "screenName": "TG",
      "recommended": "Yes",
      "overallExperience": "4.5",
      "communication": "5",
      "availability": "3.5",
      "environment": "4",
      "headline": "Great Choice",
      "comments": "We have had him since we moved to MA and he now takes care of all 4 of us in the family."
    },
    {
      "reviewDate": "06/23/2018",
      "screenName": "TG",
      "recommended": "Yes",
      "overallExperience": "4.5",
      "communication": "5",
      "availability": "3.5",
      "environment": "4",
      "headline": "Great Choice",
      "comments": "We have had him since we moved to MA and he now takes care of all 4 of us in the family."
    },
    {
      "reviewDate": "06/23/2018",
      "screenName": "TG",
      "recommended": "Yes",
      "overallExperience": "4.5",
      "communication": "5",
      "availability": "3.5",
      "environment": "4",
      "headline": "Great Choice",
      "comments": "We have had him since we moved to MA and he now takes care of all 4 of us in the family."
    },
    {
      "reviewDate": "06/23/2018",
      "screenName": "TG",
      "recommended": "Yes",
      "overallExperience": "4.5",
      "communication": "5",
      "availability": "3.5",
      "environment": "4",
      "headline": "Great Choice",
      "comments": "We have had him since we moved to MA and he now takes care of all 4 of us in the family."
    },
    {
      "reviewDate": "06/23/2018",
      "screenName": "TG",
      "recommended": "Yes",
      "overallExperience": "4.5",
      "communication": "5",
      "availability": "3.5",
      "environment": "4",
      "headline": "Great Choice",
      "comments": "We have had him since we moved to MA and he now takes care of all 4 of us in the family."
    },
    {
      "reviewDate": "06/23/2018",
      "screenName": "TG",
      "recommended": "Yes",
      "overallExperience": "4.5",
      "communication": "5",
      "availability": "3.5",
      "environment": "4",
      "headline": "Great Choice",
      "comments": "We have had him since we moved to MA and he now takes care of all 4 of us in the family."
    },
    {
      "reviewDate": "06/23/2018",
      "screenName": "TG",
      "recommended": "Yes",
      "overallExperience": "4.5",
      "communication": "5",
      "availability": "3.5",
      "environment": "4",
      "headline": "Great Choice",
      "comments": "We have had him since we moved to MA and he now takes care of all 4 of us in the family."
    }
  ]
}