{
  "searchParameter": "card",
  "professionalsCount": 20,
  "facilitiesCount": 74,
  "searchSpecialtyCount": 34,
  "professionals": [{
    "id": 1005485084,
    "name": "Nathan C Cardoos",
    "specialty": "Family Medicine - Physician in Boston, MA"
  }, {
    "id": 1005366012,
    "name": "Dorcas A Heebner Cardwell",
    "specialty": "Nurse Practitioner - Specialty Care in Brighton, MA"
  }, {
    "id": 1005567304,
    "name": "Rosemarie Cardone",
    "specialty": "Psychiatric Nurse in Brookline, MA"
  }, {
    "id": 1005402276,
    "name": "Stephanie Cardarella",
    "specialty": "Medical Oncology in Boston, MA"
  }, {
    "id": 1005524090,
    "name": "Francesca Cardarelli",
    "specialty": "Nephrology in Boston, MA"
  }],
  "facilities": [{
    "id": 1001325565,
    "name": "Mount Auburn Cardiology Associates",
    "specialty": "Medical Group in Cambridge, MA"
  }, {
    "id": 1001326456,
    "name": "Cambridge Cardiovascular Ultrasound",
    "specialty": "Echocardiology Providers in Cambridge, MA"
  }, {
    "id": 1001325645,
    "name": "Bio Cardia Diagnostics",
    "specialty": "Bone Densitronomy Providers in Brookline, MA"
  }, {
    "id": 1001323428,
    "name": "Cardiology Associates of Greater Boston",
    "specialty": "Medical Group in Brookline, MA"
  }, {
    "id": 1001320990,
    "name": "Drs. Sloss and Vinch Cardiovascular",
    "specialty": "Medical Group in Brookline, MA"
  }],
  "searchSpecialties": [{
    "id": 311000217,
    "name": "Spinal Cord Injury Medicine",
    "resourceTypeCode": "P"
  }, {
    "id": 311000313,
    "name": "Cardiac Rehab Facility",
    "resourceTypeCode": "F"
  }, {
    "id": 311000165,
    "name": "Pediatric Cardiology",
    "resourceTypeCode": "P"
  }, {
    "id": 311000363,
    "name": "Advanced Heart Failure and Transplant Cardiology",
    "resourceTypeCode": "P"
  }, {
    "id": 311000060,
    "name": "Cardiovascular Disease",
    "resourceTypeCode": "P"
  }]
}
