{
  "totalCount": 599,
  "sort": "relevancy desc",
  "professionals": [{
      "providerId": 1005511116,
      "doctorName": "Joseph M Weinstein, MD",
      "specialty": "Internal Medicine - Physician, Cardiovascular Disease",
      "locations": [{
          "id": 310160890,
          "name": "",
          "address": "114 Whitwell Street Quincy, MA 02169",
          "phone": "6177736100",
          "inNetworkIndicator": false
        },
        {
          "id": 310160905,
          "name": "",
          "address": "77 Warren Street 5th Floor Brighton, MA 02135",
          "phone": "6175625612",
          "inNetworkIndicator": false
        },
        {
          "id": 310160863,
          "name": "",
          "address": "830 Oak Street Suite 205W Brockton, MA 02301",
          "phone": "5085834440",
          "inNetworkIndicator": false
        },
        {
          "id": 310160878,
          "name": "",
          "address": "15 Roche Brothers Way North Easton, MA 02356",
          "phone": "7817926500",
          "inNetworkIndicator": false
        }
      ],
      "reviews": {
        "overallRating": "0",
        "percentRecommended": "0",
        "totalRatings": 0
      }
    },
    {
      "providerId": 1005555680,
      "doctorName": "Mitesh M Kabadi, MD",
      "specialty": "Cardiovascular Disease",
      "locations": [{
          "id": 310451040,
          "name": "",
          "address": "114 Whitwell Street Quincy, MA 02169",
          "phone": "6177736100",
          "inNetworkIndicator": false
        },
        {
          "id": 310451051,
          "name": "",
          "address": "700 Congress Street Quincy, MA 02169",
          "phone": "6174794450",
          "inNetworkIndicator": false
        },
        {
          "id": 310451024,
          "name": "",
          "address": "54 Miller Street 4th Floor Quincy, MA 02169",
          "phone": "6175625468",
          "inNetworkIndicator": false
        },
        {
          "id": 310451030,
          "name": "",
          "address": "830 Oak Street Brockton, MA 02301",
          "phone": "5085834440",
          "inNetworkIndicator": false
        },
        {
          "id": 310451046,
          "name": "",
          "address": "736 Cambridge Street Brighton, MA 02135",
          "phone": "6177897690",
          "inNetworkIndicator": false
        },
        {
          "id": 310451034,
          "name": "",
          "address": "15 Roche Brothers Way North Easton, MA 02356",
          "phone": "7817926500",
          "inNetworkIndicator": false
        }
      ],
      "reviews": {
        "overallRating": "0",
        "percentRecommended": "0",
        "totalRatings": 0
      }
    },
    {
      "providerId": 1005511975,
      "doctorName": "James P Morgan, MD",
      "specialty": "Internal Medicine - Physician, Cardiovascular Disease",
      "locations": [{
          "id": 310247386,
          "name": "",
          "address": "114 Whitwell Street Quincy, MA 02169",
          "phone": "6177736100",
          "inNetworkIndicator": false
        },
        {
          "id": 310247409,
          "name": "",
          "address": "700 Congress Street Suite 301 Quincy, MA 02169",
          "phone": "6173765646",
          "inNetworkIndicator": false
        },
        {
          "id": 310247374,
          "name": "",
          "address": "2100 Dorchester Avenue Dorchester, MA 02124",
          "phone": "6175064910",
          "inNetworkIndicator": false
        },
        {
          "id": 310247398,
          "name": "",
          "address": "736 Cambridge Street Brighton, MA 02135",
          "phone": "6177796700",
          "inNetworkIndicator": false
        },
        {
          "id": 310247421,
          "name": "",
          "address": "63 Pleasant Street Watertown, MA 02472",
          "phone": "6179246484",
          "inNetworkIndicator": false
        }
      ],
      "reviews": {
        "overallRating": "0",
        "percentRecommended": "0",
        "totalRatings": 0
      }
    },
    {
      "providerId": 1005493385,
      "doctorName": "Matthew D Rosen, MD",
      "specialty": "Internal Medicine - Physician, Cardiovascular Disease",
      "locations": [{
          "id": 310342157,
          "name": "",
          "address": "114 Whitwell Street Quincy, MA 02169",
          "phone": "6177736100",
          "inNetworkIndicator": false
        },
        {
          "id": 310342170,
          "name": "",
          "address": "77 Warren Street 5th Floor Brighton, MA 02135",
          "phone": "6175625612",
          "inNetworkIndicator": false
        },
        {
          "id": 310342133,
          "name": "",
          "address": "830 Oak Street Suite 205W Brockton, MA 02301",
          "phone": "5085834440",
          "inNetworkIndicator": false
        },
        {
          "id": 310342145,
          "name": "",
          "address": "15 Roche Brothers Way North Easton, MA 02356",
          "phone": "7817926500",
          "inNetworkIndicator": false
        }
      ],
      "reviews": {
        "overallRating": "0",
        "percentRecommended": "0",
        "totalRatings": 0
      }
    },
    {
      "providerId": 1005447482,
      "doctorName": "Gary L Miller, MD",
      "specialty": "Cardiovascular Disease",
      "locations": [{
          "id": 310125186,
          "name": "",
          "address": "114 Whitwell Street Quincy, MA 02169",
          "phone": "6177736100",
          "inNetworkIndicator": false
        },
        {
          "id": 310125179,
          "name": "",
          "address": "830 Oak Street Suite 205W Brockton, MA 02301",
          "phone": "5085834440",
          "inNetworkIndicator": false
        },
        {
          "id": 310125196,
          "name": "",
          "address": "15 Roche Brothers Way Suite 110 North Easton, MA 02356",
          "phone": "7819826500",
          "inNetworkIndicator": false
        }
      ],
      "reviews": {
        "overallRating": "0",
        "percentRecommended": "0",
        "totalRatings": 0
      }
    },
    {
      "providerId": 1005461065,
      "doctorName": "Besher Jazmati, MD",
      "specialty": "Internal Medicine - Physician, Cardiovascular Disease",
      "locations": [{
          "id": 310343902,
          "name": "",
          "address": "114 Whitwell Street Quincy, MA 02169",
          "phone": "6177736100",
          "inNetworkIndicator": false
        },
        {
          "id": 310343857,
          "name": "",
          "address": "2100 Dorchester Avenue Dorchester, MA 02124",
          "phone": "6172964000",
          "inNetworkIndicator": false
        },
        {
          "id": 310343785,
          "name": "",
          "address": "55 Fogg Road Weymouth, MA 02190",
          "phone": "7813404293",
          "inNetworkIndicator": false
        },
        {
          "id": 310343975,
          "name": "",
          "address": "150 York Street Stoughton, MA 02072",
          "phone": "7813440600",
          "inNetworkIndicator": false
        },
        {
          "id": 310343885,
          "name": "",
          "address": "135 Ellis Avenue Norwood, MA 02062",
          "phone": "7817626880",
          "inNetworkIndicator": false
        },
        {
          "id": 310343893,
          "name": "",
          "address": "460 Washington Street Norwood, MA 02062",
          "phone": "7817692200",
          "inNetworkIndicator": false
        },
        {
          "id": 310343958,
          "name": "",
          "address": "30 Longwood Drive Westwood, MA 02090",
          "phone": "7813265652",
          "inNetworkIndicator": false
        },
        {
          "id": 310343775,
          "name": "",
          "address": "235 North Pearl Street Brockton, MA 02301",
          "phone": "5084273000",
          "inNetworkIndicator": false
        },
        {
          "id": 310343821,
          "name": "",
          "address": "800 Washington Street Norwood, MA 02062",
          "phone": "8005797777",
          "inNetworkIndicator": false
        },
        {
          "id": 310343946,
          "name": "",
          "address": "95 Chapel Street Suite 2C Norwood, MA 02062",
          "phone": "7817620009",
          "inNetworkIndicator": false
        },
        {
          "id": 310343865,
          "name": "",
          "address": "88 Washington Street Taunton, MA 02780",
          "phone": "5088287000",
          "inNetworkIndicator": false
        },
        {
          "id": 310343964,
          "name": "",
          "address": "211 Park Street Attleboro, MA 02703",
          "phone": "5082368938",
          "inNetworkIndicator": false
        }
      ],
      "reviews": {
        "overallRating": "0",
        "percentRecommended": "0",
        "totalRatings": 0
      }
    },
    {
      "providerId": 1005426004,
      "doctorName": "Clifford J Berger, MD",
      "specialty": "Cardiovascular Disease, Interventional Cardiology",
      "locations": [{
          "id": 310023690,
          "name": "",
          "address": "114 Whitwell Street Quincy, MA 02169",
          "phone": "6177736100",
          "inNetworkIndicator": false
        },
        {
          "id": 310023714,
          "name": "",
          "address": "850 Harrison Avenue Dowling Building Boston, MA 02118",
          "phone": "6174144290",
          "inNetworkIndicator": false
        },
        {
          "id": 310023673,
          "name": "",
          "address": "830 Oak Street Suite 205W Brockton, MA 02301",
          "phone": "5085834440",
          "inNetworkIndicator": false
        },
        {
          "id": 310023704,
          "name": "",
          "address": "15 Roche Brothers Way Suite 110 North Easton, MA 02356",
          "phone": "7817926500",
          "inNetworkIndicator": false
        }
      ],
      "reviews": {
        "overallRating": "0",
        "percentRecommended": "0",
        "totalRatings": 0
      }
    },
    {
      "providerId": 1005418954,
      "doctorName": "Scott M Bortman, MD",
      "specialty": "Internal Medicine - Physician, Cardiovascular Disease, Interventional Cardiology",
      "locations": [{
          "id": 310157006,
          "name": "",
          "address": "114 Whitwell Street Quincy, MA 02169",
          "phone": "6177736100",
          "inNetworkIndicator": false
        },
        {
          "id": 310156982,
          "name": "",
          "address": "830 Oak Street Suite 205W Brockton, MA 02301",
          "phone": "5085834440",
          "inNetworkIndicator": false
        },
        {
          "id": 310156994,
          "name": "",
          "address": "15 Roche Brothers Way North Easton, MA 02356",
          "phone": "7817926500",
          "inNetworkIndicator": false
        },
        {
          "id": 310156965,
          "name": "",
          "address": "99 Lincoln Street 2nd Floor Framingham, MA 01702",
          "phone": "5088754811",
          "inNetworkIndicator": false
        }
      ],
      "reviews": {
        "overallRating": "0",
        "percentRecommended": "0",
        "totalRatings": 0
      }
    },
    {
      "providerId": 1005514360,
      "doctorName": "Bruce J Kriegel, MD",
      "specialty": "Cardiovascular Disease",
      "locations": [{
          "id": 310319124,
          "name": "",
          "address": "114 Whitwell Street Quincy, MA 02169",
          "phone": "6177736100",
          "inNetworkIndicator": false
        },
        {
          "id": 310319119,
          "name": "",
          "address": "830 Oak Street Suite 205W Brockton, MA 02301",
          "phone": "5085834440",
          "inNetworkIndicator": false
        },
        {
          "id": 310319129,
          "name": "",
          "address": "15 Roche Brothers Way Suite 110 North Easton, MA 02356",
          "phone": "7817926500",
          "inNetworkIndicator": false
        }
      ],
      "reviews": {
        "overallRating": "0",
        "percentRecommended": "0",
        "totalRatings": 0
      }
    },
    {
      "providerId": 1005562863,
      "doctorName": "David R Pimentel, MD",
      "specialty": "Cardiovascular Disease",
      "locations": [{
          "id": 310474061,
          "name": "",
          "address": "700 Congress Street Suite 301 Quincy, MA 02169",
          "phone": "6175625460",
          "inNetworkIndicator": false
        },
        {
          "id": 310474057,
          "name": "",
          "address": "732 Harrison Avenue 3rd Floor Boston, MA 02118",
          "phone": "6176387490",
          "inNetworkIndicator": false
        }
      ],
      "reviews": {
        "overallRating": "0",
        "percentRecommended": "0",
        "totalRatings": 0
      }
    }
  ],
  "facets": {
    "overallRating": [{
        "name": "0+ Rating",
        "value": ">0",
        "count": 599,
        "default": "0",
        "selected": false
      },
      {
        "name": "1+ Rating",
        "value": ">1",
        "count": 0,
        "default": "1",
        "selected": false
      },
      {
        "name": "2+ Rating",
        "value": ">2",
        "count": 0,
        "default": "2",
        "selected": false
      },
      {
        "name": "3+ Rating",
        "value": ">3",
        "count": 0,
        "default": "3",
        "selected": false
      },
      {
        "name": "4+ Rating",
        "value": ">4",
        "count": 0,
        "default": "4",
        "selected": false
      },
      {
        "name": "5+ Rating",
        "value": ">5",
        "count": 0,
        "default": "5",
        "selected": false
      },
      {
        "name": "All",
        "value": "All",
        "count": 599,
        "default": "All",
        "selected": true
      }
    ],
    "acceptingNewPatients": {
      "value": "Y",
      "count": 596,
      "default": true,
      "selected": true
    },
    "inNetwork": {
      "value": "Y",
      "count": 599
    },
    "fieldSpecialtyIds": [{
        "name": "Licensed Independent Clinical Social Worker",
        "value": "311000016",
        "count": 2408,
        "default": true,
        "selected": false
      },
      {
        "name": "Nurse Practitioner - Specialty Care",
        "value": "311000350",
        "count": 2184,
        "default": true,
        "selected": false
      },
      {
        "name": "Internal Medicine - Physician",
        "value": "311000039",
        "count": 1977,
        "default": true,
        "selected": false
      },
      {
        "name": "Psychology",
        "value": "311000024",
        "count": 1718,
        "default": true,
        "selected": false
      },
      {
        "name": "Physical Therapy",
        "value": "311000270",
        "count": 1440,
        "default": true,
        "selected": false
      },
      {
        "name": "Physician Assistant - Specialty Care",
        "value": "311000348",
        "count": 1367,
        "default": true,
        "selected": false
      },
      {
        "name": "Licensed Mental Health Counselor",
        "value": "311000018",
        "count": 1222,
        "default": true,
        "selected": false
      },
      {
        "name": "Pediatrics - Physician",
        "value": "311000041",
        "count": 931,
        "default": true,
        "selected": false
      },
      {
        "name": "Psychiatry",
        "value": "311000022",
        "count": 765,
        "default": true,
        "selected": false
      },
      {
        "name": "Gynecology",
        "value": "311000103",
        "count": 710,
        "default": true,
        "selected": false
      },
      {
        "name": "Obstetrics and Gynecology",
        "value": "311000147",
        "count": 710,
        "default": true,
        "selected": false
      },
      {
        "name": "Optometry",
        "value": "311000251,311000269",
        "count": 1416,
        "default": true,
        "selected": false
      },
      {
        "name": "Nurse Practitioner - Primary Care",
        "value": "311000349",
        "count": 659,
        "default": true,
        "selected": false
      },
      {
        "name": "Family Medicine - Physician",
        "value": "311000037",
        "count": 633,
        "default": true,
        "selected": false
      },
      {
        "name": "Chiropractic",
        "value": "311000255",
        "count": 625,
        "default": true,
        "selected": false
      },
      {
        "name": "Cardiovascular Disease",
        "value": "311000060",
        "count": 599,
        "default": true,
        "selected": false
      },
      {
        "name": "Surgery - General",
        "value": "311000224",
        "count": 521,
        "default": true,
        "selected": false
      },
      {
        "name": "Neurology",
        "value": "311000133",
        "count": 498,
        "default": true,
        "selected": false
      },
      {
        "name": "Surgery - Orthopaedic",
        "value": "311000228",
        "count": 469,
        "default": true,
        "selected": false
      },
      {
        "name": "Ophthalmology",
        "value": "311000151,311000250",
        "count": 920,
        "default": true,
        "selected": false
      },
      {
        "name": "Licensed Applied Behavioral Analyst",
        "value": "311000358",
        "count": 410,
        "default": true,
        "selected": false
      },
      {
        "name": "Medical Oncology",
        "value": "311000124",
        "count": 402,
        "default": true,
        "selected": false
      },
      {
        "name": "Dermatology",
        "value": "311000078",
        "count": 381,
        "default": true,
        "selected": false
      },
      {
        "name": "Speech-Language Pathology",
        "value": "311000271",
        "count": 357,
        "default": true,
        "selected": false
      },
      {
        "name": "Gastroenterology",
        "value": "311000098",
        "count": 354,
        "default": true,
        "selected": false
      },
      {
        "name": "Pulmonary Disease",
        "value": "311000204",
        "count": 336,
        "default": true,
        "selected": false
      },
      {
        "name": "Dietitian/Nutritionist",
        "value": "311000257",
        "count": 284,
        "default": true,
        "selected": false
      },
      {
        "name": "Infectious Diseases",
        "value": "311000114",
        "count": 278,
        "default": true,
        "selected": false
      },
      {
        "name": "Endocrinology",
        "value": "311000088",
        "count": 263,
        "default": true,
        "selected": false
      },
      {
        "name": "Endocrinology/Diabetes and Metabolism",
        "value": "311000089",
        "count": 263,
        "default": true,
        "selected": false
      },
      {
        "name": "Hematology and Medical Oncology",
        "value": "311000106",
        "count": 258,
        "default": true,
        "selected": false
      },
      {
        "name": "Occupational Therapy",
        "value": "311000268",
        "count": 258,
        "default": true,
        "selected": false
      },
      {
        "name": "Hematology",
        "value": "311000105",
        "count": 248,
        "default": true,
        "selected": false
      },
      {
        "name": "Podiatry",
        "value": "311000196",
        "count": 219,
        "default": true,
        "selected": false
      },
      {
        "name": "Nephrology",
        "value": "311000131",
        "count": 212,
        "default": true,
        "selected": false
      },
      {
        "name": "Otolaryngology",
        "value": "311000157",
        "count": 198,
        "default": true,
        "selected": false
      },
      {
        "name": "Audiology",
        "value": "311000253",
        "count": 180,
        "default": true,
        "selected": false
      },
      {
        "name": "Urology",
        "value": "311000240",
        "count": 176,
        "default": true,
        "selected": false
      },
      {
        "name": "Psychiatric Nurse",
        "value": "311000020",
        "count": 175,
        "default": true,
        "selected": false
      },
      {
        "name": "Certified Nurse Midwife",
        "value": "311000254",
        "count": 173,
        "default": true,
        "selected": false
      },
      {
        "name": "Psychiatric Nurse Practitioner",
        "value": "311000021",
        "count": 171,
        "default": true,
        "selected": false
      },
      {
        "name": "Rheumatology",
        "value": "311000212",
        "count": 147,
        "default": true,
        "selected": false
      },
      {
        "name": "Physical Medicine and Rehabilitation",
        "value": "311000195",
        "count": 143,
        "default": true,
        "selected": false
      },
      {
        "name": "Radiation Oncology",
        "value": "311000206",
        "count": 140,
        "default": true,
        "selected": false
      },
      {
        "name": "Physician Assistant - Primary Care",
        "value": "311000347",
        "count": 137,
        "default": true,
        "selected": false
      },
      {
        "name": "Allergy and Immunology",
        "value": "311000044",
        "count": 129,
        "default": true,
        "selected": false
      },
      {
        "name": "Oral and Maxillofacial Surgery",
        "value": "311000029,311000153",
        "count": 258,
        "default": true,
        "selected": false
      },
      {
        "name": "Child and Adolescent Psychiatry",
        "value": "311000012",
        "count": 128,
        "default": true,
        "selected": false
      },
      {
        "name": "Pediatric Neonatal Perinatal",
        "value": "311000176",
        "count": 112,
        "default": true,
        "selected": false
      },
      {
        "name": "Pain Medicine",
        "value": "311000159",
        "count": 108,
        "default": true,
        "selected": false
      },
      {
        "name": "Neurology With Special Qualification in Child Neurology",
        "value": "311000134",
        "count": 105,
        "default": true,
        "selected": false
      },
      {
        "name": "Surgery - Plastic",
        "value": "311000231",
        "count": 104,
        "default": true,
        "selected": false
      },
      {
        "name": "Licensed Marriage and Family Therapist",
        "value": "311000017",
        "count": 100,
        "default": true,
        "selected": false
      },
      {
        "name": "Surgery - Neurological",
        "value": "311000227",
        "count": 97,
        "default": true,
        "selected": false
      },
      {
        "name": "Family Medicine - Nurse Practitioner",
        "value": "311000036",
        "count": 94,
        "default": true,
        "selected": false
      },
      {
        "name": "Surgery - Thoracic",
        "value": "311000234",
        "count": 94,
        "default": true,
        "selected": false
      },
      {
        "name": "Pediatric Hematology Oncology",
        "value": "311000173",
        "count": 91,
        "default": true,
        "selected": false
      },
      {
        "name": "Pediatric Cardiology",
        "value": "311000165",
        "count": 84,
        "default": true,
        "selected": false
      },
      {
        "name": "Pediatric Gastroenterology",
        "value": "311000171",
        "count": 78,
        "default": true,
        "selected": false
      },
      {
        "name": "Geriatric Medicine",
        "value": "311000101",
        "count": 77,
        "default": true,
        "selected": false
      },
      {
        "name": "Surgery - Vascular",
        "value": "311000235",
        "count": 70,
        "default": true,
        "selected": false
      },
      {
        "name": "Interventional Cardiology",
        "value": "311000116",
        "count": 61,
        "default": true,
        "selected": false
      },
      {
        "name": "Hospice and Palliative Medicine",
        "value": "311000107",
        "count": 60,
        "default": true,
        "selected": false
      },
      {
        "name": "Pediatric Endocrinology",
        "value": "311000170",
        "count": 59,
        "default": true,
        "selected": false
      },
      {
        "name": "Sleep Medicine",
        "value": "311000216",
        "count": 59,
        "default": true,
        "selected": false
      },
      {
        "name": "Reproductive Endocrinology",
        "value": "311000210",
        "count": 52,
        "default": true,
        "selected": false
      },
      {
        "name": "Surgery - Hand",
        "value": "311000226",
        "count": 52,
        "default": true,
        "selected": false
      },
      {
        "name": "Sports Medicine",
        "value": "311000218",
        "count": 49,
        "default": true,
        "selected": false
      },
      {
        "name": "Clinical Cardiac Electrophysiology",
        "value": "311000066",
        "count": 46,
        "default": true,
        "selected": false
      },
      {
        "name": "Internal Medicine - Nurse Practitioner",
        "value": "311000038",
        "count": 46,
        "default": true,
        "selected": false
      },
      {
        "name": "Maternal and Fetal Medicine",
        "value": "311000118",
        "count": 44,
        "default": true,
        "selected": false
      },
      {
        "name": "Pediatric Infectious Diseases",
        "value": "311000174",
        "count": 39,
        "default": true,
        "selected": false
      },
      {
        "name": "Clinical Neurophysiology",
        "value": "311000070",
        "count": 38,
        "default": true,
        "selected": false
      },
      {
        "name": "Geriatric Psychiatry",
        "value": "311000015",
        "count": 38,
        "default": true,
        "selected": false
      },
      {
        "name": "Developmental Behavioral Pediatrics",
        "value": "311000080",
        "count": 36,
        "default": true,
        "selected": false
      },
      {
        "name": "Clinical Genetics",
        "value": "311000068",
        "count": 35,
        "default": true,
        "selected": false
      },
      {
        "name": "Surgery - Pediatric",
        "value": "311000229",
        "count": 33,
        "default": true,
        "selected": false
      },
      {
        "name": "Pediatric Pulmonology",
        "value": "311000183",
        "count": 32,
        "default": true,
        "selected": false
      },
      {
        "name": "Surgery - Colon and Rectal",
        "value": "311000223",
        "count": 31,
        "default": true,
        "selected": false
      },
      {
        "name": "Adolescent Medicine",
        "value": "311000042",
        "count": 27,
        "default": true,
        "selected": false
      },
      {
        "name": "Licensed Alcohol and Drug Counselor",
        "value": "311000356",
        "count": 21,
        "default": true,
        "selected": false
      },
      {
        "name": "Advanced Heart Failure and Transplant Cardiology",
        "value": "311000360",
        "count": 20,
        "default": true,
        "selected": false
      },
      {
        "name": "Gynecologic Oncology",
        "value": "311000102",
        "count": 20,
        "default": true,
        "selected": false
      },
      {
        "name": "Addiction Psychiatry",
        "value": "311000010",
        "count": 18,
        "default": true,
        "selected": false
      },
      {
        "name": "Pediatrics - Nurse Practitioner",
        "value": "311000040",
        "count": 18,
        "default": true,
        "selected": false
      },
      {
        "name": "Vascular Neurology",
        "value": "311000242",
        "count": 17,
        "default": true,
        "selected": false
      },
      {
        "name": "Occupational Medicine",
        "value": "311000149",
        "count": 16,
        "default": true,
        "selected": false
      },
      {
        "name": "Pediatric Nephrology",
        "value": "311000177",
        "count": 16,
        "default": true,
        "selected": false
      },
      {
        "name": "Blood Banking/Transfusion Medicine",
        "value": "311000056",
        "count": 15,
        "default": true,
        "selected": false
      },
      {
        "name": "Family Medicine - Physician Assistant",
        "value": "311000340",
        "count": 15,
        "default": true,
        "selected": false
      },
      {
        "name": "Pediatric Rheumatology",
        "value": "311000186",
        "count": 15,
        "default": true,
        "selected": false
      },
      {
        "name": "Epilepsy",
        "value": "311000093",
        "count": 11,
        "default": true,
        "selected": false
      },
      {
        "name": "Medical Genetics",
        "value": "311000122",
        "count": 10,
        "default": true,
        "selected": false
      },
      {
        "name": "Pediatric Dermatology",
        "value": "311000168",
        "count": 10,
        "default": true,
        "selected": false
      },
      {
        "name": "Clinical Biochemical Genetics",
        "value": "311000065",
        "count": 9,
        "default": true,
        "selected": false
      },
      {
        "name": "Neurotology",
        "value": "311000141",
        "count": 9,
        "default": true,
        "selected": false
      },
      {
        "name": "Pediatric Urology",
        "value": "311000190",
        "count": 9,
        "default": true,
        "selected": false
      },
      {
        "name": "All",
        "value": "All",
        "count": 30750,
        "default": true,
        "selected": true
      }
    ],
    "grpHospitalAffiliationIds": [{
        "name": "Mass General Physician Organization",
        "value": "9b34774db2c72cde4cb12c3d8d219501",
        "count": 98,
        "default": true,
        "category": "hospital",
        "selected": false
      },
      {
        "name": "Brigham and Womens Physicians Org",
        "value": "71c41a069f0948fe7fc58fcb773f14ab",
        "count": 96,
        "default": true,
        "category": "hospital",
        "selected": false
      },
      {
        "name": "Cardiovascular Center at Tufts Medical Center Inc",
        "value": "65d0874a37110487fc11545e2ce63f53",
        "count": 42,
        "default": true,
        "category": "hospital",
        "selected": false
      },
      {
        "name": "Harvard Medical Faculty",
        "value": "918912261f544629a6a4845c3b619385",
        "count": 41,
        "default": true,
        "selected": false
      },
      {
        "name": "Lahey Clinic",
        "value": "895161cc13f70061092e3de91895a47e",
        "count": 39,
        "default": true,
        "category": "group",
        "selected": false
      },
      {
        "name": "Steward Medical Group",
        "value": "0b4df65e97ec593add69e62a1c942066",
        "count": 35,
        "default": true,
        "category": "group",
        "selected": false
      },
      {
        "name": "Evans Medical Foundation",
        "value": "478c89ced65b9b23d895fe84529a183d",
        "count": 29,
        "default": true,
        "selected": false
      },
      {
        "name": "North Shore Cardiovascular Associates Inc",
        "value": "cf5816d9ecf150f3959956444d600d07",
        "count": 13,
        "default": true,
        "selected": false
      },
      {
        "name": "Harbor Medical Associates",
        "value": "dbb6b7270dbf617bf2eb4e033a427fbe",
        "count": 12,
        "default": true,
        "selected": false
      },
      {
        "name": "Harvard Vanguard Medical Associates",
        "value": "e31a71907be4e14965ced6b2582a1481",
        "count": 12,
        "default": true,
        "selected": false
      },
      {
        "name": "The Heart Center of Metrowest PC",
        "value": "85db9659252434a5f1e3710296bdc16e",
        "count": 12,
        "default": true,
        "selected": false
      },
      {
        "name": "Mount Auburn Cardiology Associates",
        "value": "0c21949718f00f3478f2c88939772dad",
        "count": 8,
        "default": true,
        "selected": false
      },
      {
        "name": "Newton Wellesley Ambulatory Services",
        "value": "5f116cd0205e21ade4463d0d6bd3524e",
        "count": 8,
        "default": true,
        "selected": false
      },
      {
        "name": "South Shore Cardiology PC",
        "value": "890b22c18fdb2b0b9c31a4a898709230",
        "count": 8,
        "default": true,
        "selected": false
      },
      {
        "name": "Boston Children's Heart Foundation",
        "value": "bd58b93f8a1662c0bfcae9903d8c1883",
        "count": 6,
        "default": true,
        "selected": false
      },
      {
        "name": "Signature Healthcare Medical Group",
        "value": "70c91e75faacd76894ec6c1947bf1a54",
        "count": 6,
        "default": true,
        "selected": false
      },
      {
        "name": "Granite Medical Group",
        "value": "f07cb0c615d235ea2d25e4579b97a675",
        "count": 5,
        "default": true,
        "selected": false
      },
      {
        "name": "Lown Cardiovascular Group Inc",
        "value": "6dd9552fcf0c8d12abc38691ed50434a",
        "count": 5,
        "default": true,
        "selected": false
      },
      {
        "name": "North Suburban Cardiology PC",
        "value": "d5edc47208ac3396349601dcee4aa1e6",
        "count": 5,
        "default": true,
        "selected": false
      },
      {
        "name": "South Shore Internal Medicine Associates",
        "value": "527f968d08d73ee482a8b979a7614c37",
        "count": 5,
        "default": true,
        "selected": false
      },
      {
        "name": "Cambridge Health Alliance",
        "value": "08a6292788c9320bf4df967be872eba6",
        "count": 4,
        "default": true,
        "selected": false
      },
      {
        "name": "LGH Merrimack Valley Cardiology Associates",
        "value": "b36593d767c28e3f83487b0d70bafc69",
        "count": 4,
        "default": true,
        "selected": false
      },
      {
        "name": "Middlesex Cardiology Associates",
        "value": "56db05d2a03c86ffab3bbf366c34a6ff",
        "count": 4,
        "default": true,
        "selected": false
      },
      {
        "name": "Norfolk County Cardiology Associates Inc",
        "value": "bb501918460516012cc09bc987ecfd9a",
        "count": 4,
        "default": true,
        "selected": false
      },
      {
        "name": "Sturdy Cardiology Associates",
        "value": "08c46bedd3e860d1241b332a383dc8be",
        "count": 4,
        "default": true,
        "selected": false
      },
      {
        "name": "Emerson Practice Associates",
        "value": "39eff85cb4bff27e37ac6cd749c51099",
        "count": 3,
        "default": true,
        "selected": false
      },
      {
        "name": "Jordan Physician Associates Inc",
        "value": "ad62142e034d36d74c0eb83887777576",
        "count": 3,
        "default": true,
        "selected": false
      },
      {
        "name": "North Shore Physicians Group Inc",
        "value": "373a13f6af1e549425ae214c2932dd21",
        "count": 3,
        "default": true,
        "selected": false
      },
      {
        "name": "Partners Community Physicians Organization",
        "value": "f09fc80b44ebcf63fafd566b210fe8c5",
        "count": 3,
        "default": true,
        "selected": false
      },
      {
        "name": "Plymouth Carver Primary Care",
        "value": "900d660e6b2f92f27cb430f055654852",
        "count": 3,
        "default": true,
        "selected": false
      },
      {
        "name": "BIDMC Extended Community Program",
        "value": "3eb1a25506f0260135fbdbf46f66bcef",
        "count": 2,
        "default": true,
        "selected": false
      },
      {
        "name": "Boston Cardiovascular Associates PC",
        "value": "f1c771501c40b4fb36b185aef921ab8a",
        "count": 2,
        "default": true,
        "selected": false
      },
      {
        "name": "Charles River Medical Associates PC",
        "value": "a084c919c9b912152325eadaf4a59f69",
        "count": 2,
        "default": true,
        "selected": false
      },
      {
        "name": "Drs Barrasso and Smith",
        "value": "85e3f7ca23c895711ca423f724a9aef9",
        "count": 2,
        "default": true,
        "selected": false
      },
      {
        "name": "Emerson Practice Associates Inc II",
        "value": "4a4a2bf0da78957df61f2ba5f14f6a02",
        "count": 2,
        "default": true,
        "selected": false
      },
      {
        "name": "Norfolk County Medical Associates",
        "value": "1288a0e879ab670d20fec7872c5c916c",
        "count": 2,
        "default": true,
        "selected": false
      },
      {
        "name": "Northeast Medical Practice Inc",
        "value": "3ff38b43d0a543de4c26907d7e2ad967",
        "count": 2,
        "default": true,
        "selected": false
      },
      {
        "name": "Physicians of Cape Cod Hospital",
        "value": "4a587c556005f27af816b2a4b23c9942",
        "count": 2,
        "default": true,
        "selected": false
      },
      {
        "name": "Pratt Medical Group Cardiology",
        "value": "f27abd3920bb6da2e168b5407bf430d3",
        "count": 2,
        "default": true,
        "selected": false
      },
      {
        "name": "Sound Physicians of MA II PC",
        "value": "22b0e9f5401aa4f053ae056b5ee17fae",
        "count": 2,
        "default": true,
        "selected": false
      },
      {
        "name": "Winchester Physician Associates Inc",
        "value": "e2ac1b5686f8d467bb942442e4095788",
        "count": 2,
        "default": true,
        "selected": false
      },
      {
        "name": "Associated Physicians of Harvard Medical Faculty Physicians at BIDMC",
        "value": "17f3901a14fe05db8ac534b9574298c8",
        "count": 1,
        "default": true,
        "selected": false
      },
      {
        "name": "Associates in Internal Medicine",
        "value": "89fa65d49e6ad3ff12da77fec2f1560d",
        "count": 1,
        "default": true,
        "selected": false
      },
      {
        "name": "Baystate Womens Health Ware",
        "value": "21c1ea0e01f92c91a4833d6bb1947d7a",
        "count": 1,
        "default": true,
        "selected": false
      },
      {
        "name": "Beth Israel Hospital",
        "value": "ae099a81411efc72f837e89090ab024f",
        "count": 1,
        "default": true,
        "selected": false
      },
      {
        "name": "Boston University Family Medicine",
        "value": "781054680172e48e0c640ad92b688b0a",
        "count": 1,
        "default": true,
        "selected": false
      },
      {
        "name": "Boston West Cardiology",
        "value": "b06b114b90b83181ac86bf5008f4fd68",
        "count": 1,
        "default": true,
        "selected": false
      },
      {
        "name": "Bridgewater Primary Care and Cardiology",
        "value": "9f834bdfe814b24653ec1264c7ec73c7",
        "count": 1,
        "default": true,
        "selected": false
      },
      {
        "name": "Burton D Rabinowitz MD PC",
        "value": "8eec0799543ea4e9edd9b197f4b7a1ff",
        "count": 1,
        "default": true,
        "selected": false
      },
      {
        "name": "CHMC Cardiovascular Surgical Foundation",
        "value": "fc22e741405cc094befdb799c02bc9e3",
        "count": 1,
        "default": true,
        "selected": false
      },
      {
        "name": "Cavernosa Corp",
        "value": "8502816b531d7b35fe225deb2731fcb4",
        "count": 1,
        "default": true,
        "selected": false
      },
      {
        "name": "Central MA Cardiovascular Physicians Inc",
        "value": "86c56495df44eee0895b9a6bd6abd429",
        "count": 1,
        "default": true,
        "selected": false
      },
      {
        "name": "Concord Cardiology PC",
        "value": "88e1e43fd7bef11a62b0c7969151cd89",
        "count": 1,
        "default": true,
        "selected": false
      },
      {
        "name": "Dedham Medical Group",
        "value": "16f6d1167eb4eaf80c4360930243d30a",
        "count": 1,
        "default": true,
        "selected": false
      },
      {
        "name": "Eric E Johnson MD PC",
        "value": "4638a3ce467bd609ae9f4d940808f3e1",
        "count": 1,
        "default": true,
        "selected": false
      },
      {
        "name": "Hallmark Health Medical Associates Inc",
        "value": "74831ac0bfb1d57998995c78e8b4ae2a",
        "count": 1,
        "default": true,
        "selected": false
      },
      {
        "name": "Hebrew Rehabilitation Center for the Aged",
        "value": "391f9dfcebd4d2d89ff9ef1fce4e0e37",
        "count": 1,
        "default": true,
        "selected": false
      },
      {
        "name": "Howard S Honig MD FACC PC",
        "value": "dd5de4f6e79381575de03694929c6fcb",
        "count": 1,
        "default": true,
        "selected": false
      },
      {
        "name": "Jeffrey S Cohen MD",
        "value": "dcf8d33169649026f830ac8ee3b1744c",
        "count": 1,
        "default": true,
        "selected": false
      },
      {
        "name": "Larry A Weinrauch MD PC",
        "value": "fa25d2de56cbf8ba4b1a1eaeb4916db5",
        "count": 1,
        "default": true,
        "selected": false
      },
      {
        "name": "Leelhan PC",
        "value": "e8879997e5d0ea8eef19c06804b2ffce",
        "count": 1,
        "default": true,
        "selected": false
      },
      {
        "name": "Levinson Harris Medical Group LLC",
        "value": "b19cbedefac53cfbbffbeea8818a1ae2",
        "count": 1,
        "default": true,
        "selected": false
      },
      {
        "name": "Lifespan Physician Group Inc",
        "value": "6d607f4e76dbd3c70ea13d59fe863065",
        "count": 1,
        "default": true,
        "selected": false
      },
      {
        "name": "Melrose Internal Medicine Associate",
        "value": "754f203b9589a459f6de0b932cba83a2",
        "count": 1,
        "default": true,
        "selected": false
      },
      {
        "name": "Miriam Cardiology Inc",
        "value": "fab6a517774f69e591c278338a136577",
        "count": 1,
        "default": true,
        "selected": false
      },
      {
        "name": "Mt. Auburn Professional Services",
        "value": "4774164d6d72c207a9f48c78d4e0a259",
        "count": 1,
        "default": true,
        "selected": false
      },
      {
        "name": "Neponset Health Center",
        "value": "5379ee9bcdbffdcb59a9d48f3e855bf6",
        "count": 1,
        "default": true,
        "selected": false
      },
      {
        "name": "Nessa and Sweeney MD PC",
        "value": "1408856b3ea6bc962d5d230971dc08a7",
        "count": 1,
        "default": true,
        "selected": false
      },
      {
        "name": "New England Heart Center PC",
        "value": "309d2eb6d2e91b59241b24c81274ba77",
        "count": 1,
        "default": true,
        "selected": false
      },
      {
        "name": "New England Inpatient Specialist LLC",
        "value": "a86024e216a015ed1b8913d957e26315",
        "count": 1,
        "default": true,
        "selected": false
      },
      {
        "name": "Newburyport Cardiovascular Assoc LLC",
        "value": "711e3845635c48e4bec53d74485aa178",
        "count": 1,
        "default": true,
        "selected": false
      },
      {
        "name": "PMG Associates",
        "value": "9e5eb3621c277c98b3b41c63295e3151",
        "count": 1,
        "default": true,
        "selected": false
      },
      {
        "name": "Personalized Preventative Medicine",
        "value": "2a356e5ad8ad54040d3319cc575a4972",
        "count": 1,
        "default": true,
        "selected": false
      },
      {
        "name": "Pondville Medical Associates LLC",
        "value": "88357837b3f64ae109a5c0881673aaed",
        "count": 1,
        "default": true,
        "selected": false
      },
      {
        "name": "Prima Care PC",
        "value": "9ed551757408f7a3324a8dc0c6302673",
        "count": 1,
        "default": true,
        "selected": false
      },
      {
        "name": "Primary Cardiology of Attleboro Inc",
        "value": "92d8e0ef4885e95ec1255e49650a1b46",
        "count": 1,
        "default": true,
        "selected": false
      },
      {
        "name": "Reading Cardiology Associates PC",
        "value": "f280d18412ace17ae42faa76ce90134d",
        "count": 1,
        "default": true,
        "selected": false
      },
      {
        "name": "Reliant Medical Group",
        "value": "d2515e924c83709528c21e4e28eacaf3",
        "count": 1,
        "default": true,
        "selected": false
      },
      {
        "name": "Resnik Medical Associates",
        "value": "440751324b624c7509cbada5d4454064",
        "count": 1,
        "default": true,
        "selected": false
      },
      {
        "name": "Robert Scarlatelli, MD, LLC",
        "value": "d1a4ef6e6f165d54f6e78a233ada57a2",
        "count": 1,
        "default": true,
        "selected": false
      },
      {
        "name": "Salil K Midha MD PC",
        "value": "7f9a73d75eba8d33db013fcba0cb289c",
        "count": 1,
        "default": true,
        "selected": false
      },
      {
        "name": "South Cove Community Health Center",
        "value": "474ccde09b61308a15134953078958c5",
        "count": 1,
        "default": true,
        "selected": false
      },
      {
        "name": "South End Community Health Center",
        "value": "30e11893474f8d90f7f59e195b801984",
        "count": 1,
        "default": true,
        "selected": false
      },
      {
        "name": "Suburban Cardiology and Internal Medicine",
        "value": "a0a247aa63875a071ab0c6b3ebf88798",
        "count": 1,
        "default": true,
        "selected": false
      },
      {
        "name": "Thomas Lamattina MD PC",
        "value": "7b3be8c5ea8e1f7fb1f3ace00c2519f0",
        "count": 1,
        "default": true,
        "selected": false
      },
      {
        "name": "Wellesley Primary Care Medicine PC",
        "value": "2ba26de944f60535f1f7d10794f28d57",
        "count": 1,
        "default": true,
        "selected": false
      },
      {
        "name": "Massachusetts General Hospital",
        "value": "4feafd4008cda786423cf0d5e67791db",
        "count": 123,
        "default": true,
        "selected": false
      },
      {
        "name": "Beth Israel Deaconess Medical Center",
        "value": "272eb293d58cd43cb3b2a0eacd151a3a",
        "count": 110,
        "default": true,
        "selected": false
      },
      {
        "name": "Brigham & Women's Hospital",
        "value": "c65ac711d5a2bdf2d8769996dd3f04c2",
        "count": 109,
        "default": true,
        "selected": false
      },
      {
        "name": "Tufts Medical Center",
        "value": "22d68fa1f6264f1544edf9549d0d2eea",
        "count": 67,
        "default": true,
        "selected": false
      },
      {
        "name": "Lahey Clinic",
        "value": "895161cc13f70061092e3de91895a47e",
        "count": 50,
        "default": true,
        "selected": false
      },
      {
        "name": "Boston Medical Center",
        "value": "bfb4cec9ec85199f9d63ffeef7f144a6",
        "count": 49,
        "default": true,
        "selected": false
      },
      {
        "name": "South Shore Hospital",
        "value": "f937705cfcf7d17def57dc5c50a34fdf",
        "count": 33,
        "default": true,
        "selected": false
      },
      {
        "name": "St. Elizabeth's Medical Center",
        "value": "61dc23b7e9f745517dd9a8fc273db61a",
        "count": 28,
        "default": true,
        "selected": false
      },
      {
        "name": "MetroWest Medical Center - Framingham Union",
        "value": "a0a72e14bcb9f529d9f19bbe973f2db7",
        "count": 27,
        "default": true,
        "selected": false
      },
      {
        "name": "MetroWest Medical Center - Leonard Morse",
        "value": "ecd8921d1f004a56b9a77bf9782328b7",
        "count": 27,
        "default": true,
        "selected": false
      },
      {
        "name": "Newton-Wellesley Hospital",
        "value": "e4887bb451c3e5e00ca1acede29bcde2",
        "count": 24,
        "default": true,
        "selected": false
      },
      {
        "name": "Norwood Hospital",
        "value": "43c3491389c71d3c3d1be691f403e071",
        "count": 24,
        "default": true,
        "selected": false
      },
      {
        "name": "Brigham and Women's Faulkner Hospital",
        "value": "8979ef1bd8733511d6431797d52c2fe8",
        "count": 23,
        "default": true,
        "selected": false
      },
      {
        "name": "Melrose-Wakefield Hospital",
        "value": "2aa0dcaee1edcb43c147a6fa26776601",
        "count": 22,
        "default": true,
        "selected": false
      },
      {
        "name": "Good Samaritan Medical Center",
        "value": "cba651f0e69dc408fb811e8a99501512",
        "count": 21,
        "default": true,
        "selected": false
      },
      {
        "name": "Mount Auburn Hospital",
        "value": "52324d47cb5abccb47ab727841a07ba9",
        "count": 21,
        "default": true,
        "selected": false
      },
      {
        "name": "North Shore Medical Center - Salem Campus",
        "value": "7ed1c032b7755f4b4432ba9fcad1cf59",
        "count": 21,
        "default": true,
        "selected": false
      },
      {
        "name": "North Shore Medical Center - Union Campus",
        "value": "ecf4989e57d952808672c2e5dbef8d56",
        "count": 21,
        "default": true,
        "selected": false
      },
      {
        "name": "Beth Israel Deaconess Hospital - Plymouth",
        "value": "3b5b2129312174f182a03fafd2fc5750",
        "count": 18,
        "default": true,
        "selected": false
      },
      {
        "name": "Lawrence Memorial Hospital",
        "value": "83b07fb732d46a06bd66d7749f1d2bbf",
        "count": 18,
        "default": true,
        "selected": false
      },
      {
        "name": "Signature Healthcare Brockton Hospital",
        "value": "228eeeaa839c1ce53435bd70cedfbeb7",
        "count": 18,
        "default": true,
        "selected": false
      },
      {
        "name": "Dana-Farber Cancer Institute",
        "value": "82118cbe20f4fe967caa62b60991c4eb",
        "count": 14,
        "default": true,
        "selected": false
      },
      {
        "name": "Beverly Hospital",
        "value": "7bec331ecf1ec3088fbc8df035a88fab",
        "count": 13,
        "default": true,
        "selected": false
      },
      {
        "name": "Carney Hospital",
        "value": "b4d2c7313c1184f7bf37eb33d30f4fb7",
        "count": 12,
        "default": true,
        "selected": false
      },
      {
        "name": "Emerson Hospital",
        "value": "2bb9bcc81246607a8a069239eeb50925",
        "count": 11,
        "default": true,
        "selected": false
      },
      {
        "name": "New England Baptist Hospital",
        "value": "70e686f84cbb7a3b5ee5fe916429f0fc",
        "count": 11,
        "default": true,
        "selected": false
      },
      {
        "name": "Winchester Hospital",
        "value": "65d50f18784d4d025c5708543fe595b9",
        "count": 11,
        "default": true,
        "selected": false
      },
      {
        "name": "Beth Israel Deaconess Hospital - Milton",
        "value": "a113e21d4e1db1e54f68a8495675b4f6",
        "count": 10,
        "default": true,
        "selected": false
      },
      {
        "name": "Cambridge Health Alliance - Cambridge Campus",
        "value": "1833e1a9e0e80806ec10de0fe20135c2",
        "count": 10,
        "default": true,
        "selected": false
      },
      {
        "name": "Cambridge Health Alliance - Somerville Campus",
        "value": "a060870efd38d0e40cf16c35e5cca901",
        "count": 10,
        "default": true,
        "selected": false
      },
      {
        "name": "UMass Memorial Medical Center - Memorial Campus",
        "value": "c26a3082334c5c0142858030c93b11d0",
        "count": 9,
        "default": true,
        "selected": false
      },
      {
        "name": "UMass Memorial Medical Center - University Campus",
        "value": "f45707336daedb9977288776611d6647",
        "count": 9,
        "default": true,
        "selected": false
      },
      {
        "name": "Beth Israel Deaconess Hospital - Needham Campus",
        "value": "729ff2079fae73d52aaa4cbbe9779375",
        "count": 8,
        "default": true,
        "selected": false
      },
      {
        "name": "Whittier Rehabilitation Hospital",
        "value": "ab3e82619c3e6e778b087f3c32ea45ce",
        "count": 8,
        "default": true,
        "selected": false
      },
      {
        "name": "Boston Children's Hospital",
        "value": "20e6a2a98993d0723e548ff8efae7cd3",
        "count": 7,
        "default": true,
        "selected": false
      },
      {
        "name": "Cape Cod Hospital",
        "value": "0309d79ba602656c7b42d0d988c6ae42",
        "count": 7,
        "default": true,
        "selected": false
      },
      {
        "name": "Nashoba Valley Medical Center",
        "value": "5947586e59dbf5af889a0ce5a2fa87a8",
        "count": 7,
        "default": true,
        "selected": false
      },
      {
        "name": "New England Sinai Hospital and Rehab Center",
        "value": "bc24e6dc1e628017d1f90340ce41730a",
        "count": 7,
        "default": true,
        "selected": false
      },
      {
        "name": "Sturdy Memorial Hospital",
        "value": "fe4b3c93b9efadc9b3735a874dcd54ef",
        "count": 7,
        "default": true,
        "selected": false
      },
      {
        "name": "Lawrence General Hospital",
        "value": "3e51d69db22950a5391076de5a6dcf39",
        "count": 6,
        "default": true,
        "selected": false
      },
      {
        "name": "Lowell General Hospital",
        "value": "f2d187d291a4a3b482dcef7f107d8930",
        "count": 6,
        "default": true,
        "selected": false
      },
      {
        "name": "Anna Jaques Hospital",
        "value": "deb20430caaecb80e2c4d99919ed0c98",
        "count": 5,
        "default": true,
        "selected": false
      },
      {
        "name": "Morton Hospital and Medical Center",
        "value": "52578c9aea679767642c0408df4c86ae",
        "count": 5,
        "default": true,
        "selected": false
      },
      {
        "name": "Spaulding Rehabilitation Hospital - Boston",
        "value": "fcea0f67e044a159f1476eacc0ec81c6",
        "count": 5,
        "default": true,
        "selected": false
      },
      {
        "name": "Lowell General Hospital - Saints Campus",
        "value": "f32a205e2535ad53094e009c2a729a22",
        "count": 4,
        "default": true,
        "selected": false
      },
      {
        "name": "Southcoast Hospitals Group - Charlton Memorial Hospital",
        "value": "07460ed819b372bbf5c7e0af397fb6b8",
        "count": 4,
        "default": true,
        "selected": false
      },
      {
        "name": "Baystate Medical Center",
        "value": "a52cec2ff152acc4710d04a0583b5261",
        "count": 3,
        "default": true,
        "selected": false
      },
      {
        "name": "Marlborough Hospital",
        "value": "e05e2c007787b441f09f57b0adef7fc2",
        "count": 3,
        "default": true,
        "selected": false
      },
      {
        "name": "Saint Vincent Hospital",
        "value": "42c29a452cc4ebafd2dfe14740d27162",
        "count": 3,
        "default": true,
        "selected": false
      },
      {
        "name": "St. Anne's Hospital",
        "value": "a393cb5e69e14d473d6b54308ea34986",
        "count": 3,
        "default": true,
        "selected": false
      },
      {
        "name": "Falmouth Hospital",
        "value": "658fd67a70188ca9a11594bd16f643c5",
        "count": 2,
        "default": true,
        "selected": false
      },
      {
        "name": "Hebrew Rehabilitation Center",
        "value": "156f814d59f17992401e80fba9a2b694",
        "count": 2,
        "default": true,
        "selected": false
      },
      {
        "name": "Holy Family Hospital",
        "value": "6aa110a4f116fb477b4530f15e15bb7a",
        "count": 2,
        "default": true,
        "selected": false
      },
      {
        "name": "Lemuel Shattuck Hospital",
        "value": "4c4898fd52389b4b8a615e2c78b59ac8",
        "count": 2,
        "default": true,
        "selected": false
      },
      {
        "name": "Baystate Franklin Medical Center",
        "value": "b964b037a7cfa46ba1e6390c3819fe4f",
        "count": 1,
        "default": true,
        "selected": false
      },
      {
        "name": "Holy Family Hospital at Merrimack Valley",
        "value": "6d90dd7eb89a5c4267a4682732af563b",
        "count": 1,
        "default": true,
        "selected": false
      },
      {
        "name": "Holyoke Medical Center",
        "value": "d83cfe4993c42c15b4829a62c084e5b3",
        "count": 1,
        "default": true,
        "selected": false
      },
      {
        "name": "Martha's Vineyard Hospital",
        "value": "01b861c29a3c7f888f7cc79bfdfe7047",
        "count": 1,
        "default": true,
        "selected": false
      },
      {
        "name": "Massachusetts Eye and Ear Infirmary",
        "value": "780de7884b29fe771cf890ced74dff4c",
        "count": 1,
        "default": true,
        "selected": false
      },
      {
        "name": "Milford Regional Medical Center",
        "value": "85340f132fba86e00501800f09c67930",
        "count": 1,
        "default": true,
        "selected": false
      },
      {
        "name": "Nantucket Cottage Hospital",
        "value": "4137c93fd0549aa5ea17b0ec60ed891c",
        "count": 1,
        "default": true,
        "selected": false
      },
      {
        "name": "Southcoast Hospitals Group - St. Luke's Hospital",
        "value": "f2b8eb2524e2056a1fec342a3cea2701",
        "count": 1,
        "default": true,
        "selected": false
      },
      {
        "name": "Southcoast Hospitals Group - Tobey Hospital",
        "value": "ddbda9e5ec1175d86ef50df261020d3f",
        "count": 1,
        "default": true,
        "selected": false
      },
      {
        "name": "UMass Memorial HealthAlliance-Clinton Hospital - Clinton Campus",
        "value": "12ad04a35bb7dd5b39110146503bea0b",
        "count": 1,
        "default": true,
        "selected": false
      },
      {
        "name": "All",
        "value": "All",
        "count": 1677,
        "default": true,
        "selected": true
      }
    ],
    "isChoicePcp": [{
        "name": false,
        "value": false,
        "count": 599,
        "default": true,
        "selected": false
      },
      {
        "name": "All",
        "value": "All",
        "count": 599,
        "default": true,
        "selected": true
      }
    ],
    "isPcp": {
      "value": "Y",
      "count": 60,
      "default": true,
      "selected": true
    },
    "locationGeo": [{
        "name": "10000 miles",
        "value": "< 10000",
        "count": 848,
        "default": "5,10,25,50,100,10000",
        "selected": false
      },
      {
        "name": "100 miles",
        "value": "< 100",
        "count": 831,
        "default": "5,10,25,50,100,10000",
        "selected": false
      },
      {
        "name": "50 miles",
        "value": "< 50",
        "count": 770,
        "default": "5,10,25,50,100,10000",
        "selected": false
      },
      {
        "name": "25 miles",
        "value": "< 25",
        "count": 599,
        "default": "5,10,25,50,100,10000",
        "selected": false
      },
      {
        "name": "10 miles",
        "value": "< 10",
        "count": 449,
        "default": "5,10,25,50,100,10000",
        "selected": false
      },
      {
        "name": "5 miles",
        "value": "< 5",
        "count": 67,
        "default": "5,10,25,50,100,10000",
        "selected": false
      },
      {
        "name": "All",
        "value": "All",
        "count": 848,
        "default": "5,10,25,50,100,10000",
        "selected": true
      }
    ],
    "professionalGender": [{
        "name": "Male",
        "value": "Male",
        "count": 468,
        "default": true,
        "selected": false
      },
      {
        "name": "Female",
        "value": "Female",
        "count": 131,
        "default": true,
        "selected": false
      },
      {
        "name": "All",
        "value": "All",
        "count": 599,
        "default": true,
        "selected": true
      }
    ],
    "professionalLanguages": [{
        "name": "Interpreter available",
        "value": "Interpreter available",
        "count": 247,
        "default": true,
        "selected": false
      },
      {
        "name": "Spanish",
        "value": "Spanish",
        "count": 106,
        "default": true,
        "selected": false
      },
      {
        "name": "French",
        "value": "French",
        "count": 53,
        "default": true,
        "selected": false
      },
      {
        "name": "Portuguese",
        "value": "Portuguese",
        "count": 33,
        "default": true,
        "selected": false
      },
      {
        "name": "Italian",
        "value": "Italian",
        "count": 26,
        "default": true,
        "selected": false
      },
      {
        "name": "Hindi",
        "value": "Hindi",
        "count": 22,
        "default": true,
        "selected": false
      },
      {
        "name": "Russian",
        "value": "Russian",
        "count": 20,
        "default": true,
        "selected": false
      },
      {
        "name": "Chinese",
        "value": "Chinese",
        "count": 17,
        "default": true,
        "selected": false
      },
      {
        "name": "German",
        "value": "German",
        "count": 13,
        "default": true,
        "selected": false
      },
      {
        "name": "Greek",
        "value": "Greek",
        "count": 13,
        "default": true,
        "selected": false
      },
      {
        "name": "Arabic",
        "value": "Arabic",
        "count": 11,
        "default": true,
        "selected": false
      },
      {
        "name": "Vietnamese",
        "value": "Vietnamese",
        "count": 11,
        "default": true,
        "selected": false
      },
      {
        "name": "Polish",
        "value": "Polish",
        "count": 9,
        "default": true,
        "selected": false
      },
      {
        "name": "Creole",
        "value": "Creole",
        "count": 7,
        "default": true,
        "selected": false
      },
      {
        "name": "Hebrew",
        "value": "Hebrew",
        "count": 7,
        "default": true,
        "selected": false
      },
      {
        "name": "Urdu",
        "value": "Urdu",
        "count": 7,
        "default": true,
        "selected": false
      },
      {
        "name": "American Sign",
        "value": "American Sign",
        "count": 5,
        "default": true,
        "selected": false
      },
      {
        "name": "Japanese",
        "value": "Japanese",
        "count": 5,
        "default": true,
        "selected": false
      },
      {
        "name": "Mandarin",
        "value": "Mandarin",
        "count": 5,
        "default": true,
        "selected": false
      },
      {
        "name": "Cambodian",
        "value": "Cambodian",
        "count": 4,
        "default": true,
        "selected": false
      },
      {
        "name": "Bengali",
        "value": "Bengali",
        "count": 3,
        "default": true,
        "selected": false
      },
      {
        "name": "Korean",
        "value": "Korean",
        "count": 3,
        "default": true,
        "selected": false
      },
      {
        "name": "Punjabi",
        "value": "Punjabi",
        "count": 3,
        "default": true,
        "selected": false
      },
      {
        "name": "Yiddish",
        "value": "Yiddish",
        "count": 3,
        "default": true,
        "selected": false
      },
      {
        "name": "Afrikaans",
        "value": "Afrikaans",
        "count": 2,
        "default": true,
        "selected": false
      },
      {
        "name": "Albanian",
        "value": "Albanian",
        "count": 2,
        "default": true,
        "selected": false
      },
      {
        "name": "Cantonese",
        "value": "Cantonese",
        "count": 2,
        "default": true,
        "selected": false
      },
      {
        "name": "Dutch",
        "value": "Dutch",
        "count": 2,
        "default": true,
        "selected": false
      },
      {
        "name": "Gujarati",
        "value": "Gujarati",
        "count": 2,
        "default": true,
        "selected": false
      },
      {
        "name": "Persian",
        "value": "Persian",
        "count": 2,
        "default": true,
        "selected": false
      },
      {
        "name": "Romanian",
        "value": "Romanian",
        "count": 2,
        "default": true,
        "selected": false
      },
      {
        "name": "Tamil",
        "value": "Tamil",
        "count": 2,
        "default": true,
        "selected": false
      },
      {
        "name": "Afar",
        "value": "Afar",
        "count": 1,
        "default": true,
        "selected": false
      },
      {
        "name": "Estonian",
        "value": "Estonian",
        "count": 1,
        "default": true,
        "selected": false
      },
      {
        "name": "Finnish",
        "value": "Finnish",
        "count": 1,
        "default": true,
        "selected": false
      },
      {
        "name": "Kashmiri",
        "value": "Kashmiri",
        "count": 1,
        "default": true,
        "selected": false
      },
      {
        "name": "Marathi",
        "value": "Marathi",
        "count": 1,
        "default": true,
        "selected": false
      },
      {
        "name": "Norwegian",
        "value": "Norwegian",
        "count": 1,
        "default": true,
        "selected": false
      },
      {
        "name": "Samoan",
        "value": "Samoan",
        "count": 1,
        "default": true,
        "selected": false
      },
      {
        "name": "Sign Language",
        "value": "Sign Language",
        "count": 1,
        "default": true,
        "selected": false
      },
      {
        "name": "Telugu",
        "value": "Telugu",
        "count": 1,
        "default": true,
        "selected": false
      },
      {
        "name": "Ukrainian",
        "value": "Ukrainian",
        "count": 1,
        "default": true,
        "selected": false
      },
      {
        "name": "All",
        "value": "All",
        "count": 659,
        "default": true,
        "selected": true
      }
    ],
    "techSavvy": {
      "value": "Y",
      "count": 464,
      "default": true,
      "selected": false
    }
  }
}
