{
    "membersInfoList": 
    [
      {
        "subscriberLastName": "Smith",
        "subscriberFirstName": "John",
        "subscriberMiddleName": "",
        "chMemberId": "69118721"
      },
      {
        "subscriberLastName": "Smith",
        "subscriberFirstName": "Jany",
        "subscriberMiddleName": "",
        "chMemberId": "69118722"
      },
      {
        "subscriberLastName": "Smith",
        "subscriberFirstName": "Johnson",
        "subscriberMiddleName": "",
        "chMemberId": "69118723"
      }
    ]
  }