{
  "totalCount": 39,
  "facilities": [{
    "facilityId": 1001321663,
    "facilityType": "F",
    "facilityName": "Westwood Dialysis Center",
    "specialty": "Dialysis",
    "locations": [{
      "id": 310001423,
      "name": "Westwood Dialysis Center",
      "address": "241 Parkingway Quincy, MA 02169",
      "phone": "6178471700"
    }],
    "reviews": {
      "overallRating": 0,
      "percentRecommended": 0,
      "totalRatings": 0
    }
  }, {
    "facilityId": 1001323703,
    "facilityType": "F",
    "facilityName": "Quincy Center Dialysis",
    "specialty": "Dialysis",
    "locations": [{
      "id": 310001877,
      "name": "Quincy Center Dialysis",
      "address": "1250 Hancock Street Suite 110N Quincy, MA 02169",
      "phone": "6174727800"
    }],
    "reviews": {
      "overallRating": 0,
      "percentRecommended": 0,
      "totalRatings": 0
    }
  }, {
    "facilityId": 1001321505,
    "facilityType": "F",
    "facilityName": "Boston Dialysis Center",
    "specialty": "Dialysis",
    "locations": [{
      "id": 310001364,
      "name": "Boston Dialysis Center",
      "address": "2100 Dorchester Avenue Suite 1 Dorchester, MA 02124",
      "phone": "6172982475"
    }],
    "reviews": {
      "overallRating": 0,
      "percentRecommended": 0,
      "totalRatings": 0
    }
  }, {
    "facilityId": 1001321040,
    "facilityType": "F",
    "facilityName": "Us Renal Care Quincy Dialysis",
    "specialty": "Dialysis",
    "locations": [{
      "id": 310001910,
      "name": "Us Renal Care Quincy Dialysis",
      "address": "500 Victory Road Quincy, MA 02171",
      "phone": "6174727800"
    }],
    "reviews": {
      "overallRating": 0,
      "percentRecommended": 0,
      "totalRatings": 0
    }
  }, {
    "facilityId": 1001321248,
    "facilityType": "F",
    "facilityName": "US Renal Care Weymouth Dialysis",
    "specialty": "Dialysis",
    "locations": [{
      "id": 310001929,
      "name": "US Renal Care Weymouth Dialysis",
      "address": "587 Washington Street Weymouth, MA 02188",
      "phone": "7813403938"
    }],
    "reviews": {
      "overallRating": 0,
      "percentRecommended": 0,
      "totalRatings": 0
    }
  }, {
    "facilityId": 1001321728,
    "facilityType": "F",
    "facilityName": "Quality Care Dialysis Center of Weymouth",
    "specialty": "Dialysis",
    "locations": [{
      "id": 310001433,
      "name": "Quality Care Dialysis Center of Weymouth",
      "address": "2 West Street Unit 1 Weymouth, MA 02190",
      "phone": "7813314100"
    }],
    "reviews": {
      "overallRating": 0,
      "percentRecommended": 0,
      "totalRatings": 0
    }
  }, {
    "facilityId": 1001325562,
    "facilityType": "F",
    "facilityName": "Weymouth Dialysis",
    "specialty": "Dialysis",
    "locations": [{
      "id": 310001560,
      "name": "Weymouth Dialysis",
      "address": "330 Libbey Industrial Parkway Weymouth, MA 02189",
      "phone": "7813317700"
    }],
    "reviews": {
      "overallRating": 0,
      "percentRecommended": 0,
      "totalRatings": 0
    }
  }, {
    "facilityId": 1001321958,
    "facilityType": "F",
    "facilityName": "Mary Eliza Mahoney Dialysis Center",
    "specialty": "Dialysis",
    "locations": [{
      "id": 310001468,
      "name": "Mary Eliza Mahoney Dialysis Center",
      "address": "416 Warren Street Roxbury, MA 02119",
      "phone": "6174459989"
    }],
    "reviews": {
      "overallRating": 0,
      "percentRecommended": 0,
      "totalRatings": 0
    }
  }, {
    "facilityId": 1001322133,
    "facilityType": "F",
    "facilityName": "Dialysis Clinic Inc.",
    "specialty": "Dialysis",
    "locations": [{
      "id": 310001690,
      "name": "Dialysis Clinic Inc.",
      "address": "1153 Centre Street Boston, MA 02130",
      "phone": "6179834470"
    }],
    "reviews": {
      "overallRating": 0,
      "percentRecommended": 0,
      "totalRatings": 0
    }
  }, {
    "facilityId": 1001321999,
    "facilityType": "F",
    "facilityName": "Boston Dialysis",
    "specialty": "Dialysis",
    "locations": [{
      "id": 310001476,
      "name": "Boston Dialysis",
      "address": "660 Harrison Avenue Boston, MA 02118",
      "phone": "6178597000"
    }],
    "reviews": {
      "overallRating": 0,
      "percentRecommended": 0,
      "totalRatings": 0
    }
  }],
  "facets": {
    "overallRating": [{
      "name": "0+ Rating",
      "value": ">0",
      "count": 39,
      "default": true,
      "selected": false
    }, {
      "name": "1+ Rating",
      "value": ">1",
      "count": 0,
      "default": true,
      "selected": false
    }, {
      "name": "2+ Rating",
      "value": ">2",
      "count": 0,
      "default": true,
      "selected": false
    }, {
      "name": "3+ Rating",
      "value": ">3",
      "count": 0,
      "default": true,
      "selected": false
    }, {
      "name": "4+ Rating",
      "value": ">4",
      "count": 0,
      "default": true,
      "selected": false
    }, {
      "name": "5+ Rating",
      "value": ">5",
      "count": 0,
      "default": true,
      "selected": false
    }, {
      "name": "All",
      "value": "All",
      "count": 39,
      "default": true,
      "selected": true
    }],
    "inNetwork": {
      "value": "Y",
      "count": 39
    },
    "fieldSpecialtyIds": [{
      "name": "Licensed Independent Clinical Social Worker",
      "value": "311000016",
      "count": 2408,
      "default": true,
      "selected": true
    }, {
      "name": "Nurse Practitioner - Specialty Care",
      "value": "311000350",
      "count": 2184,
      "default": true,
      "selected": true
    }, {
      "name": "Internal Medicine - Physician",
      "value": "311000039",
      "count": 1977,
      "default": true,
      "selected": true
    }, {
      "name": "Medical Group",
      "value": "311000339",
      "count": 1889,
      "default": true,
      "selected": true
    }, {
      "name": "Psychology",
      "value": "311000024",
      "count": 1718,
      "default": true,
      "selected": true
    }, {
      "name": "Physical Therapy",
      "value": "311000270,311000354",
      "count": 1703,
      "default": true,
      "selected": true
    }, {
      "name": "Physician Assistant - Specialty Care",
      "value": "311000348",
      "count": 1367,
      "default": true,
      "selected": true
    }, {
      "name": "Licensed Mental Health Counselor",
      "value": "311000018",
      "count": 1222,
      "default": true,
      "selected": true
    }, {
      "name": "Pediatrics - Physician",
      "value": "311000041",
      "count": 931,
      "default": true,
      "selected": true
    }, {
      "name": "Psychiatry",
      "value": "311000022",
      "count": 765,
      "default": true,
      "selected": true
    }, {
      "name": "Gynecology",
      "value": "311000103",
      "count": 710,
      "default": true,
      "selected": true
    }, {
      "name": "Obstetrics and Gynecology",
      "value": "311000147",
      "count": 710,
      "default": true,
      "selected": true
    }, {
      "name": "Optometry",
      "value": "311000251,311000269",
      "count": 1416,
      "default": true,
      "selected": true
    }, {
      "name": "Nurse Practitioner - Primary Care",
      "value": "311000349",
      "count": 659,
      "default": true,
      "selected": true
    }, {
      "name": "Family Medicine - Physician",
      "value": "311000037",
      "count": 633,
      "default": true,
      "selected": true
    }, {
      "name": "Chiropractic",
      "value": "311000255",
      "count": 625,
      "default": true,
      "selected": true
    }, {
      "name": "Cardiovascular Disease",
      "value": "311000060",
      "count": 599,
      "default": true,
      "selected": true
    }, {
      "name": "Surgery - General",
      "value": "311000224",
      "count": 521,
      "default": true,
      "selected": true
    }, {
      "name": "Neurology",
      "value": "311000133",
      "count": 498,
      "default": true,
      "selected": true
    }, {
      "name": "Surgery - Orthopaedic",
      "value": "311000228",
      "count": 469,
      "default": true,
      "selected": true
    }, {
      "name": "Ophthalmology",
      "value": "311000151,311000250",
      "count": 920,
      "default": true,
      "selected": true
    }, {
      "name": "Licensed Applied Behavioral Analyst",
      "value": "311000358",
      "count": 410,
      "default": true,
      "selected": true
    }, {
      "name": "Medical Oncology",
      "value": "311000124",
      "count": 402,
      "default": true,
      "selected": true
    }, {
      "name": "Dermatology",
      "value": "311000078",
      "count": 381,
      "default": true,
      "selected": true
    }, {
      "name": "Speech-Language Pathology",
      "value": "311000271,311000355",
      "count": 417,
      "default": true,
      "selected": true
    }, {
      "name": "Gastroenterology",
      "value": "311000098",
      "count": 354,
      "default": true,
      "selected": true
    }, {
      "name": "Pulmonary Disease",
      "value": "311000204",
      "count": 336,
      "default": true,
      "selected": true
    }, {
      "name": "Dietitian/Nutritionist",
      "value": "311000257,311000352",
      "count": 332,
      "default": true,
      "selected": true
    }, {
      "name": "Infectious Diseases",
      "value": "311000114",
      "count": 278,
      "default": true,
      "selected": true
    }, {
      "name": "Endocrinology",
      "value": "311000088",
      "count": 263,
      "default": true,
      "selected": true
    }, {
      "name": "Endocrinology/Diabetes and Metabolism",
      "value": "311000089",
      "count": 263,
      "default": true,
      "selected": true
    }, {
      "name": "Hematology and Medical Oncology",
      "value": "311000106",
      "count": 258,
      "default": true,
      "selected": true
    }, {
      "name": "Occupational Therapy",
      "value": "311000268,311000353",
      "count": 303,
      "default": true,
      "selected": true
    }, {
      "name": "Hematology",
      "value": "311000105",
      "count": 248,
      "default": true,
      "selected": true
    }, {
      "name": "Podiatry",
      "value": "311000196",
      "count": 219,
      "default": true,
      "selected": true
    }, {
      "name": "Nephrology",
      "value": "311000131",
      "count": 212,
      "default": true,
      "selected": true
    }, {
      "name": "Otolaryngology",
      "value": "311000157",
      "count": 198,
      "default": true,
      "selected": true
    }, {
      "name": "Audiology",
      "value": "311000253",
      "count": 180,
      "default": true,
      "selected": true
    }, {
      "name": "Urology",
      "value": "311000240",
      "count": 176,
      "default": true,
      "selected": true
    }, {
      "name": "Psychiatric Nurse",
      "value": "311000020",
      "count": 175,
      "default": true,
      "selected": true
    }, {
      "name": "Certified Nurse Midwife",
      "value": "311000254",
      "count": 173,
      "default": true,
      "selected": true
    }, {
      "name": "Psychiatric Nurse Practitioner",
      "value": "311000021",
      "count": 171,
      "default": true,
      "selected": true
    }, {
      "name": "Rheumatology",
      "value": "311000212",
      "count": 147,
      "default": true,
      "selected": true
    }, {
      "name": "Physical Medicine and Rehabilitation",
      "value": "311000195",
      "count": 143,
      "default": true,
      "selected": true
    }, {
      "name": "Radiation Oncology",
      "value": "311000206",
      "count": 140,
      "default": true,
      "selected": true
    }, {
      "name": "Physician Assistant - Primary Care",
      "value": "311000347",
      "count": 137,
      "default": true,
      "selected": true
    }, {
      "name": "Allergy and Immunology",
      "value": "311000044",
      "count": 129,
      "default": true,
      "selected": true
    }, {
      "name": "Oral and Maxillofacial Surgery",
      "value": "311000029,311000153",
      "count": 258,
      "default": true,
      "selected": true
    }, {
      "name": "Child and Adolescent Psychiatry",
      "value": "311000012",
      "count": 128,
      "default": true,
      "selected": true
    }, {
      "name": "Pediatric Neonatal Perinatal",
      "value": "311000176",
      "count": 112,
      "default": true,
      "selected": true
    }, {
      "name": "Pain Medicine",
      "value": "311000159",
      "count": 108,
      "default": true,
      "selected": true
    }, {
      "name": "Neurology With Special Qualification in Child Neurology",
      "value": "311000134",
      "count": 105,
      "default": true,
      "selected": true
    }, {
      "name": "Community Mental Health Center",
      "value": "311000004",
      "count": 104,
      "default": true,
      "selected": true
    }, {
      "name": "Skilled Nursing Facility/Sub-Acute",
      "value": "311000331",
      "count": 104,
      "default": true,
      "selected": true
    }, {
      "name": "Surgery - Plastic",
      "value": "311000231",
      "count": 104,
      "default": true,
      "selected": true
    }, {
      "name": "Licensed Marriage and Family Therapist",
      "value": "311000017",
      "count": 100,
      "default": true,
      "selected": true
    }, {
      "name": "Surgery - Neurological",
      "value": "311000227",
      "count": 97,
      "default": true,
      "selected": true
    }, {
      "name": "Family Medicine - Nurse Practitioner",
      "value": "311000036",
      "count": 94,
      "default": true,
      "selected": true
    }, {
      "name": "Surgery - Thoracic",
      "value": "311000234",
      "count": 94,
      "default": true,
      "selected": true
    }, {
      "name": "Pediatric Hematology Oncology",
      "value": "311000173",
      "count": 91,
      "default": true,
      "selected": true
    }, {
      "name": "Pediatric Cardiology",
      "value": "311000165",
      "count": 84,
      "default": true,
      "selected": true
    }, {
      "name": "Pediatric Gastroenterology",
      "value": "311000171",
      "count": 78,
      "default": true,
      "selected": true
    }, {
      "name": "Geriatric Medicine",
      "value": "311000101",
      "count": 77,
      "default": true,
      "selected": true
    }, {
      "name": "Urgent Care Center",
      "value": "311000336",
      "count": 72,
      "default": true,
      "selected": true
    }, {
      "name": "Surgery - Vascular",
      "value": "311000235",
      "count": 70,
      "default": true,
      "selected": true
    }, {
      "name": "DME - Home Medical Equipment/Respiratory Supplies",
      "value": "311000284",
      "count": 61,
      "default": true,
      "selected": true
    }, {
      "name": "Interventional Cardiology",
      "value": "311000116",
      "count": 61,
      "default": true,
      "selected": true
    }, {
      "name": "Hospice and Palliative Medicine",
      "value": "311000107",
      "count": 60,
      "default": true,
      "selected": true
    }, {
      "name": "Technical Diagnostic Imaging Centers",
      "value": "311000332",
      "count": 60,
      "default": true,
      "selected": true
    }, {
      "name": "Pediatric Endocrinology",
      "value": "311000170",
      "count": 59,
      "default": true,
      "selected": true
    }, {
      "name": "Sleep Medicine",
      "value": "311000216",
      "count": 59,
      "default": true,
      "selected": true
    }, {
      "name": "DME - Orthotics and Prosthetics",
      "value": "311000285",
      "count": 53,
      "default": true,
      "selected": true
    }, {
      "name": "Reproductive Endocrinology",
      "value": "311000210",
      "count": 52,
      "default": true,
      "selected": true
    }, {
      "name": "Surgery - Hand",
      "value": "311000226",
      "count": 52,
      "default": true,
      "selected": true
    }, {
      "name": "Home Health/VNA",
      "value": "311000291",
      "count": 51,
      "default": true,
      "selected": true
    }, {
      "name": "Sports Medicine",
      "value": "311000218",
      "count": 49,
      "default": true,
      "selected": true
    }, {
      "name": "Clinical Cardiac Electrophysiology",
      "value": "311000066",
      "count": 46,
      "default": true,
      "selected": true
    }, {
      "name": "Internal Medicine - Nurse Practitioner",
      "value": "311000038",
      "count": 46,
      "default": true,
      "selected": true
    }, {
      "name": "Behavioral Health Hospital",
      "value": "311000003",
      "count": 44,
      "default": true,
      "selected": true
    }, {
      "name": "Maternal and Fetal Medicine",
      "value": "311000118",
      "count": 44,
      "default": true,
      "selected": true
    }, {
      "name": "Intermediate Level of Care",
      "value": "311000007",
      "count": 42,
      "default": true,
      "selected": true
    }, {
      "name": "Acute Care Hospital",
      "value": "311000306",
      "count": 41,
      "default": true,
      "selected": true
    }, {
      "name": "Clinics, Limited Services",
      "value": "311000316",
      "count": 40,
      "default": true,
      "selected": true
    }, {
      "name": "Outpatient",
      "value": "311000008",
      "count": 40,
      "default": true,
      "selected": true
    }, {
      "name": "Dialysis",
      "value": "311000282",
      "count": 39,
      "default": true,
      "selected": true
    }, {
      "name": "Inpatient",
      "value": "311000006",
      "count": 39,
      "default": true,
      "selected": true
    }, {
      "name": "Pediatric Infectious Diseases",
      "value": "311000174",
      "count": 39,
      "default": true,
      "selected": true
    }, {
      "name": "Clinical Neurophysiology",
      "value": "311000070",
      "count": 38,
      "default": true,
      "selected": true
    }, {
      "name": "Geriatric Psychiatry",
      "value": "311000015",
      "count": 38,
      "default": true,
      "selected": true
    }, {
      "name": "Developmental Behavioral Pediatrics",
      "value": "311000080",
      "count": 36,
      "default": true,
      "selected": true
    }, {
      "name": "Clinical Genetics",
      "value": "311000068",
      "count": 35,
      "default": true,
      "selected": true
    }, {
      "name": "Surgery - Pediatric",
      "value": "311000229",
      "count": 33,
      "default": true,
      "selected": true
    }, {
      "name": "Ambulatory Surgi-Center",
      "value": "311000308",
      "count": 32,
      "default": true,
      "selected": true
    }, {
      "name": "Pediatric Pulmonology",
      "value": "311000183",
      "count": 32,
      "default": true,
      "selected": true
    }, {
      "name": "Surgery - Colon and Rectal",
      "value": "311000223",
      "count": 31,
      "default": true,
      "selected": true
    }, {
      "name": "Adolescent Medicine",
      "value": "311000042",
      "count": 27,
      "default": true,
      "selected": true
    }, {
      "name": "Ambulance",
      "value": "311000275",
      "count": 26,
      "default": true,
      "selected": true
    }, {
      "name": "Hospice",
      "value": "311000293",
      "count": 26,
      "default": true,
      "selected": true
    }, {
      "name": "Licensed Alcohol and Drug Counselor",
      "value": "311000356",
      "count": 21,
      "default": true,
      "selected": true
    }, {
      "name": "Advanced Heart Failure and Transplant Cardiology",
      "value": "311000360",
      "count": 20,
      "default": true,
      "selected": true
    }, {
      "name": "Clinical Lab",
      "value": "311000279",
      "count": 20,
      "default": true,
      "selected": true
    }, {
      "name": "DME - Breast Pumps",
      "value": "311000283",
      "count": 20,
      "default": true,
      "selected": true
    }, {
      "name": "Gynecologic Oncology",
      "value": "311000102",
      "count": 20,
      "default": true,
      "selected": true
    }, {
      "name": "Opioid Treatment Program",
      "value": "311000357",
      "count": 20,
      "default": true,
      "selected": true
    }, {
      "name": "Bariatric Surgery - Massachusetts Approved Hospitals",
      "value": "311000311",
      "count": 19,
      "default": true,
      "selected": true
    }, {
      "name": "Early Intervention",
      "value": "311000287",
      "count": 19,
      "default": true,
      "selected": true
    }, {
      "name": "MRI Providers",
      "value": "311000324",
      "count": 19,
      "default": true,
      "selected": true
    }, {
      "name": "Addiction Psychiatry",
      "value": "311000010",
      "count": 18,
      "default": true,
      "selected": true
    }, {
      "name": "Pediatrics - Nurse Practitioner",
      "value": "311000040",
      "count": 18,
      "default": true,
      "selected": true
    }, {
      "name": "Vascular Neurology",
      "value": "311000242",
      "count": 17,
      "default": true,
      "selected": true
    }, {
      "name": "Occupational Medicine",
      "value": "311000149",
      "count": 16,
      "default": true,
      "selected": true
    }, {
      "name": "Pediatric Nephrology",
      "value": "311000177",
      "count": 16,
      "default": true,
      "selected": true
    }, {
      "name": "Blood Banking/Transfusion Medicine",
      "value": "311000056",
      "count": 15,
      "default": true,
      "selected": true
    }, {
      "name": "Family Medicine - Physician Assistant",
      "value": "311000340",
      "count": 15,
      "default": true,
      "selected": true
    }, {
      "name": "Pediatric Rheumatology",
      "value": "311000186",
      "count": 15,
      "default": true,
      "selected": true
    }, {
      "name": "Home Infusion Therapy",
      "value": "311000292",
      "count": 13,
      "default": true,
      "selected": true
    }, {
      "name": "Sleep Diagnostic Testing",
      "value": "311000299",
      "count": 13,
      "default": true,
      "selected": true
    }, {
      "name": "Detox Facility",
      "value": "311000005",
      "count": 12,
      "default": true,
      "selected": true
    }, {
      "name": "PET Scan Providers",
      "value": "311000326",
      "count": 12,
      "default": true,
      "selected": true
    }, {
      "name": "Ultrasound Providers, General",
      "value": "311000334",
      "count": 12,
      "default": true,
      "selected": true
    }, {
      "name": "Epilepsy",
      "value": "311000093",
      "count": 11,
      "default": true,
      "selected": true
    }, {
      "name": "Rehab Hospital",
      "value": "311000329",
      "count": 11,
      "default": true,
      "selected": true
    }, {
      "name": "Fluoroscopy Providers",
      "value": "311000320",
      "count": 10,
      "default": true,
      "selected": true
    }, {
      "name": "Medical Genetics",
      "value": "311000122",
      "count": 10,
      "default": true,
      "selected": true
    }, {
      "name": "Pediatric Dermatology",
      "value": "311000168",
      "count": 10,
      "default": true,
      "selected": true
    }, {
      "name": "Residential",
      "value": "311000009",
      "count": 10,
      "default": true,
      "selected": true
    }, {
      "name": "Clinical Biochemical Genetics",
      "value": "311000065",
      "count": 9,
      "default": true,
      "selected": true
    }, {
      "name": "Community Health Center",
      "value": "311000317",
      "count": 9,
      "default": true,
      "selected": true
    }, {
      "name": "Echocardiology Providers",
      "value": "311000319",
      "count": 9,
      "default": true,
      "selected": true
    }, {
      "name": "Neurotology",
      "value": "311000141",
      "count": 9,
      "default": true,
      "selected": true
    }, {
      "name": "Pediatric Urology",
      "value": "311000190",
      "count": 9,
      "default": true,
      "selected": true
    }, {
      "name": "Physiological and Diagnostic Labs",
      "value": "311000298",
      "count": 9,
      "default": true,
      "selected": true
    }, {
      "name": "Internal Medicine - Physician Assistant",
      "value": "311000341",
      "count": 8,
      "default": true,
      "selected": true
    }, {
      "name": "Long-Term Care Hospital/Chronic Disease Hospital",
      "value": "311000322",
      "count": 8,
      "default": true,
      "selected": true
    }, {
      "name": "Neuromuscular Medicine",
      "value": "311000136",
      "count": 8,
      "default": true,
      "selected": true
    }, {
      "name": "Pediatric Allergy and Immunology",
      "value": "311000163",
      "count": 8,
      "default": true,
      "selected": true
    }, {
      "name": "Bone Densitronomy Providers",
      "value": "311000312",
      "count": 7,
      "default": true,
      "selected": true
    }, {
      "name": "Forensic Psychiatry",
      "value": "311000014",
      "count": 7,
      "default": true,
      "selected": true
    }, {
      "name": "Neuromusculoskeletal Medicine/Osteopathic Manipulative Medicine",
      "value": "311000137",
      "count": 7,
      "default": true,
      "selected": true
    }, {
      "name": "Therapeutic Radiology",
      "value": "311000237",
      "count": 7,
      "default": true,
      "selected": true
    }, {
      "name": "Transplant Hepatology",
      "value": "311000238",
      "count": 7,
      "default": true,
      "selected": true
    }, {
      "name": "Assisted Reproductive Technology",
      "value": "311000277",
      "count": 6,
      "default": true,
      "selected": true
    }, {
      "name": "Female Pelvic Medicine/Reconstructive Surgery",
      "value": "311000095",
      "count": 6,
      "default": true,
      "selected": true
    }, {
      "name": "Public Health and General Preventive Medicine",
      "value": "311000203",
      "count": 6,
      "default": true,
      "selected": true
    }, {
      "name": "Mammography Providers",
      "value": "311000323",
      "count": 5,
      "default": true,
      "selected": true
    }, {
      "name": "Neurodevelopmental Disabilities",
      "value": "311000132",
      "count": 5,
      "default": true,
      "selected": true
    }, {
      "name": "X-Ray Providers",
      "value": "311000338",
      "count": 5,
      "default": true,
      "selected": true
    }, {
      "name": "Pediatric Child Abuse",
      "value": "311000166",
      "count": 4,
      "default": true,
      "selected": true
    }, {
      "name": "Spinal Cord Injury Medicine",
      "value": "311000217",
      "count": 4,
      "default": true,
      "selected": true
    }, {
      "name": "Medical Toxicology",
      "value": "311000125",
      "count": 3,
      "default": true,
      "selected": true
    }, {
      "name": "Radiation Oncology Center",
      "value": "311000328",
      "count": 3,
      "default": true,
      "selected": true
    }, {
      "name": "Addiction Medicine",
      "value": "311000359",
      "count": 2,
      "default": true,
      "selected": true
    }, {
      "name": "CT Scan Providers",
      "value": "311000318",
      "count": 2,
      "default": true,
      "selected": true
    }, {
      "name": "Clinical Molecular Geneticist",
      "value": "311000069",
      "count": 2,
      "default": true,
      "selected": true
    }, {
      "name": "Nuclear Medicine Providers",
      "value": "311000325",
      "count": 2,
      "default": true,
      "selected": true
    }, {
      "name": "Pediatric Neurodevelopmental Disabilities",
      "value": "311000178",
      "count": 2,
      "default": true,
      "selected": true
    }, {
      "name": "Pediatric Otolaryngology",
      "value": "311000180",
      "count": 2,
      "default": true,
      "selected": true
    }, {
      "name": "Pediatrics - Physician Assistant",
      "value": "311000342",
      "count": 2,
      "default": true,
      "selected": true
    }, {
      "name": "Surgery - Pediatric Orthopedic",
      "value": "311000230",
      "count": 2,
      "default": true,
      "selected": true
    }, {
      "name": "Ultrasound Providers, Breast",
      "value": "311000333",
      "count": 2,
      "default": true,
      "selected": true
    }, {
      "name": "Ultrasound Providers, Vascular",
      "value": "311000335",
      "count": 2,
      "default": true,
      "selected": true
    }, {
      "name": "Cardiac Rehab Facility",
      "value": "311000313",
      "count": 1,
      "default": true,
      "selected": true
    }, {
      "name": "Clinical Cytogenetics",
      "value": "311000067",
      "count": 1,
      "default": true,
      "selected": true
    }, {
      "name": "Diagnostic Lab Immunology",
      "value": "311000082",
      "count": 1,
      "default": true,
      "selected": true
    }, {
      "name": "Family Practice/Osteopathic Manipulative Treatment",
      "value": "311000094",
      "count": 1,
      "default": true,
      "selected": true
    }, {
      "name": "Pediatric Transplant Hepatology",
      "value": "311000189",
      "count": 1,
      "default": true,
      "selected": true
    }, {
      "name": "All",
      "value": "All",
      "count": 34305,
      "default": true,
      "selected": true
    }],
    "locationGeo": [{
      "name": "10000 miles",
      "value": "< 10000",
      "count": 66,
      "default": "5,10,25,50,100,10000",
      "selected": true
    }, {
      "name": "100 miles",
      "value": "< 100",
      "count": 65,
      "default": "5,10,25,50,100,10000",
      "selected": true
    }, {
      "name": "50 miles",
      "value": "< 50",
      "count": 57,
      "default": "5,10,25,50,100,10000",
      "selected": true
    }, {
      "name": "25 miles",
      "value": "< 25",
      "count": 39,
      "default": "5,10,25,50,100,10000",
      "selected": true
    }, {
      "name": "10 miles",
      "value": "< 10",
      "count": 18,
      "default": "5,10,25,50,100,10000",
      "selected": true
    }, {
      "name": "5 miles",
      "value": "< 5",
      "count": 7,
      "default": "5,10,25,50,100,10000",
      "selected": true
    }, {
      "name": "All",
      "value": "All",
      "count": 66,
      "default": "5,10,25,50,100,10000",
      "selected": true
    }]
  }
}
