{
    "plans": [
        {
            "id": 1000001,
            "name": "NetworkBlue"
        },
        {
            "id": 1000002,
            "name": "Blue Open Access POS"
        },
        {
            "id": 1000004,
            "name": "Preferred Care Blue"
        },
        {
            "id": 1000005,
            "name": "Horizon Direct Access"
        },
        {
            "id": 1000006,
            "name": "Network S"
        },
        {
            "id": 1000007,
            "name": "Blue Preferred POS"
        },
        {
            "id": 1000009,
            "name": "Alternate Network"
        },
        {
            "id": 1000010,
            "name": "Preferred Care"
        },
        {
            "id": 1000011,
            "name": "True Blue PPO"
        },
        {
            "id": 1000012,
            "name": "Blue Preferred"
        },
        {
            "id": 1000013,
            "name": "BlueCross PPO"
        },
        {
            "id": 1000014,
            "name": "Blue Shield Preferred Network"
        },
        {
            "id": 1000003,
            "name": "Blue Access Choice"
        },
        {
            "id": 1000015,
            "name": "BluePreferred PPO"
        },
        {
            "id": 1000016,
            "name": "Century Preferred"
        },
        {
            "id": 1000017,
            "name": "Select Preferred Provider"
        },
        {
            "id": 1000018,
            "name": "Blue Choice"
        },
        {
            "id": 1000019,
            "name": "Blue Choice PPO"
        },
        {
            "id": 1000025,
            "name": "Blue Access"
        },
        {
            "id": 1000026,
            "name": "Blue Choice"
        },
        {
            "id": 1000024,
            "name": "Regence PPO"
        },
        {
            "id": 1000037,
            "name": "PPO Network"
        },
        {
            "id": 1000038,
            "name": "Blue Advantage/Options"
        },
        {
            "id": 1000039,
            "name": "Preferred Blue PPO"
        },
        {
            "id": 1000040,
            "name": "NEtwork BLUE"
        },
        {
            "id": 1000041,
            "name": "Preferred Blue"
        },
        {
            "id": 1000042,
            "name": "Select Hospitals/PAR Physicians"
        },
        {
            "id": 1000028,
            "name": "Preferred Care PPO"
        },
        {
            "id": 1000031,
            "name": "Blue Choice"
        },
        {
            "id": 1000032,
            "name": "Blue Preferred Plan"
        },
        {
            "id": 1000033,
            "name": "Aware"
        },
        {
            "id": 1000034,
            "name": "Preferred Care"
        },
        {
            "id": 1000036,
            "name": "Network Blue"
        },
        {
            "id": 1000043,
            "name": "BluePreferred"
        },
        {
            "id": 1000044,
            "name": "BlueCross BlueShield of Western New York - PPO"
        },
        {
            "id": 1000045,
            "name": "BlueShield of Northeastern New York - PPO"
        },
        {
            "id": 1000046,
            "name": "PPO"
        },
        {
            "id": 1000049,
            "name": "BluePPO"
        },
        {
            "id": 1000051,
            "name": "Preferred Provider Plan"
        },
        {
            "id": 1000052,
            "name": "BlueCare PPO"
        },
        {
            "id": 1000053,
            "name": "Capital Blue Cross PPO"
        },
        {
            "id": 1000020,
            "name": "BlueChoice PPO"
        },
        {
            "id": 1000021,
            "name": "Preferred Provider Program"
        },
        {
            "id": 1000022,
            "name": "ALLIANCE Select"
        },
        {
            "id": 1000023,
            "name": "Preferred Blue"
        },
        {
            "id": 1000091,
            "name": "Blue Traditional"
        },
        {
            "id": 1000093,
            "name": "BCBS Kansas PAR providers"
        },
        {
            "id": 1000096,
            "name": "BCBS Massachusetts PAR providers"
        },
        {
            "id": 1000098,
            "name": "BCBS Maine PAR providers"
        },
        {
            "id": 1000099,
            "name": "BCBS Michigan PAR providers"
        },
        {
            "id": 1000100,
            "name": "BCBS Minnesota PAR providers"
        },
        {
            "id": 1000101,
            "name": "BCBS Kansas City PAR providers"
        },
        {
            "id": 1000103,
            "name": "BCBS Mississippi PAR providers"
        },
        {
            "id": 1000104,
            "name": "BCBS Montana PAR providers"
        },
        {
            "id": 1000106,
            "name": "Classic Blue"
        },
        {
            "id": 1000107,
            "name": "BCBS North Dakota PAR providers"
        },
        {
            "id": 1000110,
            "name": "BCBS New Jersey PAR providers"
        },
        {
            "id": 1000111,
            "name": "Anthem BCBS -  Nevada Par"
        },
        {
            "id": 1000112,
            "name": "BCBS Western NY PAR providers"
        },
        {
            "id": 1000113,
            "name": "Traditional Blue PPO 900 Series"
        },
        {
            "id": 1000114,
            "name": "Empire HealthChoice PAR"
        },
        {
            "id": 1000117,
            "name": "BCBS Rochester PAR providers"
        },
        {
            "id": 1000119,
            "name": "Regence HMO Oregon PAR providers"
        },
        {
            "id": 1000121,
            "name": "Capital Blue Cross Traditional"
        },
        {
            "id": 1000122,
            "name": "Participating"
        },
        {
            "id": 1000123,
            "name": "Independence BC PAR providers"
        },
        {
            "id": 1000126,
            "name": "BCBS South Carolina PAR providers"
        },
        {
            "id": 1000125,
            "name": "Classic Blue"
        },
        {
            "id": 1000127,
            "name": "Wellmark BCBS South Dakota PAR providers"
        },
        {
            "id": 1000128,
            "name": "Blue Network P"
        },
        {
            "id": 1000129,
            "name": "BCBS Utah PAR providers"
        },
        {
            "id": 1000130,
            "name": "Anthem PAR Providers"
        },
        {
            "id": 1000131,
            "name": "BCBS Vermont PAR providers"
        },
        {
            "id": 1000132,
            "name": "BC Washington/Alaska PAR providers"
        },
        {
            "id": 1000109,
            "name": "Indemnity"
        },
        {
            "id": 1000120,
            "name": "BC NE PA PAR providers"
        },
        {
            "id": 1000124,
            "name": "Triple-S PAR providers"
        },
        {
            "id": 1000133,
            "name": "Regence BS PAR providers"
        },
        {
            "id": 1000135,
            "name": "West Virginia PAR Providers"
        },
        {
            "id": 1000136,
            "name": "BCBS Wyoming PAR providers"
        },
        {
            "id": 1000065,
            "name": "Heritage"
        },
        {
            "id": 1000066,
            "name": "Preferred Plan"
        },
        {
            "id": 1000068,
            "name": "Super Blue Plus"
        },
        {
            "id": 1000069,
            "name": "Wyoming Choice"
        },
        {
            "id": 1000071,
            "name": "Preferred Care"
        },
        {
            "id": 1000078,
            "name": "BCBS Arizona PAR providers"
        },
        {
            "id": 1000077,
            "name": "BCBS Arkansas PAR providers"
        },
        {
            "id": 1000079,
            "name": "Blue Cross of California PAR providers"
        },
        {
            "id": 1000080,
            "name": "Blue Shield of California PAR providers"
        },
        {
            "id": 1000081,
            "name": "BCBS Colorado/Nevada PAR providers"
        },
        {
            "id": 1000082,
            "name": "Anthem BCBS Connecticut PAR providers"
        },
        {
            "id": 1000083,
            "name": "BCBS NCA PAR providers"
        },
        {
            "id": 1000085,
            "name": "Traditional"
        },
        {
            "id": 1000086,
            "name": "BCBS Georgia PAR providers"
        },
        {
            "id": 1000087,
            "name": "BCBS Hawaii PAR providers"
        },
        {
            "id": 1000088,
            "name": "Wellmark BCBS Iowa PAR providers"
        },
        {
            "id": 1000089,
            "name": "BC Idaho Health Services PAR providers"
        },
        {
            "id": 1000090,
            "name": "Regence BS Idaho PAR providers"
        },
        {
            "id": 1000209,
            "name": "Participating Provider Option"
        },
        {
            "id": 1000211,
            "name": "New Mexico BlueCard PPO"
        },
        {
            "id": 1000212,
            "name": "Blue Choice"
        },
        {
            "id": 1000213,
            "name": "BlueChoice"
        },
        {
            "id": 1000215,
            "name": "Blue Preferred"
        },
        {
            "id": 1000374,
            "name": "Blue Preferred MO"
        },
        {
            "id": 1000054,
            "name": "Statewide PPO"
        },
        {
            "id": 1000055,
            "name": "Personal Choice"
        },
        {
            "id": 1000056,
            "name": "BlueCard PPO"
        },
        {
            "id": 1000057,
            "name": "Healthmate Coast to Coast"
        },
        {
            "id": 1000058,
            "name": "Preferred Blue"
        },
        {
            "id": 1000060,
            "name": "Blue Network P"
        },
        {
            "id": 1000061,
            "name": "ValueCare"
        },
        {
            "id": 1000062,
            "name": "Anthem KeyCare PPO"
        },
        {
            "id": 1000063,
            "name": "US Virgin Island BlueCard PPO"
        },
        {
            "id": 1000064,
            "name": "Vermont Freedom Plan"
        },
        {
            "id": 1000059,
            "name": "Blue Select"
        },
        {
            "id": 1000075,
            "name": "Foundation"
        },
        {
            "id": 1000076,
            "name": "BCBS Alabama PAR providers"
        },
        {
            "id": 1000084,
            "name": "Blue Classic"
        },
        {
            "id": 1000375,
            "name": "New Mexico PAR Network"
        },
        {
            "id": 1000376,
            "name": "BCBS Texas PAR providers"
        },
        {
            "id": 1000384,
            "name": "BCBS of Illinois PAR providers"
        },
        {
            "id": 1000442,
            "name": "Empire POS"
        },
        {
            "id": 1000473,
            "name": "Blue Select"
        },
        {
            "id": 1000474,
            "name": "Blue Value"
        },
        {
            "id": 1000475,
            "name": "Network E"
        },
        {
            "id": 1000476,
            "name": "Innovation Programs"
        },
        {
            "id": 1000477,
            "name": "BlueAdvantage PPO"
        },
        {
            "id": 1000478,
            "name": "BlueChoice (HMO)"
        },
        {
            "id": 1000479,
            "name": "Network S"
        },
        {
            "id": 1000480,
            "name": "MSP Heritage Alaska"
        },
        {
            "id": 1000377,
            "name": "BCBS Oklahoma PAR providers"
        },
        {
            "id": 1000383,
            "name": "BlueChoice Tiered"
        },
        {
            "id": 1000481,
            "name": "Heritage Alaska"
        },
        {
            "id": 1000486,
            "name": "Medicare Advantage"
        },
        {
            "id": 1000487,
            "name": "Heritage Signature PPO"
        },
        {
            "id": 1000485,
            "name": "Medicare Advantage PPO"
        },
        {
            "id": 1000488,
            "name": "Foundation"
        },
        {
            "id": 1000489,
            "name": "Preferred Care PPO (as BC Traditional Product)"
        },
        {
            "id": 1000509,
            "name": "Marketplace PPO"
        },
        {
            "id": 1000530,
            "name": "Choice PPO"
        },
        {
            "id": 1000532,
            "name": "Blue Local - DKWM"
        },
        {
            "id": 1000533,
            "name": "Blue Choice Options PPO"
        },
        {
            "id": 1000534,
            "name": "Blue Local CHS"
        },
        {
            "id": 1000535,
            "name": "Blue Choice"
        },
        {
            "id": 1000536,
            "name": "Blue Advantage"
        },
        {
            "id": 1000541,
            "name": "HMO Blue New England"
        },
        {
            "id": 1000542,
            "name": "Access Blue New England"
        },
        {
            "id": 1000543,
            "name": "Medicare Advantage PPO"
        },
        {
            "id": 1000544,
            "name": "Medicare Advantage"
        },
        {
            "id": 1000545,
            "name": "Blue Medicare Regional PPO"
        },
        {
            "id": 1000546,
            "name": "Medicare Advantage PPO"
        },
        {
            "id": 1000548,
            "name": "Akamai Advantage (LPPO)"
        },
        {
            "id": 1000549,
            "name": "Medicare Advantage PPO"
        },
        {
            "id": 1000550,
            "name": "Secure Blue"
        },
        {
            "id": 1000551,
            "name": "Blue Medicare Access"
        },
        {
            "id": 1000552,
            "name": "Anthem Medicare Preferred"
        },
        {
            "id": 1000553,
            "name": "HMO Blue New England"
        },
        {
            "id": 1000554,
            "name": "Access Blue New England"
        },
        {
            "id": 1000555,
            "name": "Medicare Advantage PPO"
        },
        {
            "id": 1000556,
            "name": "Medicare Plus Blue PPO"
        },
        {
            "id": 1000559,
            "name": "NEtwork BLUE (PAR)"
        },
        {
            "id": 1000558,
            "name": "BLUE CROSS MEDICARE ADVANTAGE"
        },
        {
            "id": 1000560,
            "name": "HMO Blue New England"
        },
        {
            "id": 1000561,
            "name": "Access Blue New England"
        },
        {
            "id": 1000562,
            "name": "NH Tiered Network"
        },
        {
            "id": 1000563,
            "name": "Medicare Advantage PPO"
        },
        {
            "id": 1000539,
            "name": "Medicare Advantage Local PPO"
        },
        {
            "id": 1000537,
            "name": "Medicare Advantage PPO"
        },
        {
            "id": 1000540,
            "name": "Medicare Advantage Local PPO"
        },
        {
            "id": 1000564,
            "name": "Medicare Blue PPO"
        },
        {
            "id": 1000565,
            "name": "BLUE CROSS MEDICARE ADVANTAGE"
        },
        {
            "id": 1000567,
            "name": "Forever Blue"
        },
        {
            "id": 1000566,
            "name": "Anthem Medicare Preferred Premier"
        },
        {
            "id": 1000568,
            "name": "Forever Blue"
        },
        {
            "id": 1000570,
            "name": "MediBlue PPO"
        },
        {
            "id": 1000571,
            "name": "Medicare BluePPO"
        },
        {
            "id": 1000482,
            "name": "Dimensions"
        },
        {
            "id": 1000484,
            "name": "PrudentBuyer"
        },
        {
            "id": 311006025,
            "name": "Medex Choice"
        },
        {
            "id": 311006026,
            "name": "Medicare HMO Blue"
        },
        {
            "id": 311006023,
            "name": "HMO Blue Options"
        },
        {
            "id": 311006027,
            "name": "Medicare PPO Blue"
        },
        {
            "id": 311006030,
            "name": "Preferred Blue PPO Options"
        },
        {
            "id": 311006014,
            "name": "HMO Blue HCCS"
        },
        {
            "id": 311006012,
            "name": "HMO Blue"
        },
        {
            "id": 311006013,
            "name": "HMO Blue - Managed Care Behavioral Health"
        },
        {
            "id": 311006006,
            "name": "Dental Blue"
        },
        {
            "id": 311006016,
            "name": "HMO Blue New England"
        },
        {
            "id": 311006021,
            "name": "HMO Blue New England Options"
        },
        {
            "id": 311006002,
            "name": "Blue Care Elect"
        },
        {
            "id": 311006003,
            "name": "Blue Care Elect HCCS"
        },
        {
            "id": 311006004,
            "name": "Blue Precision/PPO Blue Options"
        },
        {
            "id": 311006020,
            "name": "HMO Blue New England HCCS"
        },
        {
            "id": 1000573,
            "name": "Medicare Advantage PPO"
        },
        {
            "id": 1000572,
            "name": "BLUE CROSS MEDICARE ADVANTAGE"
        },
        {
            "id": 1000575,
            "name": "FreedomBlue Medicare Advantage PPO (Western)"
        },
        {
            "id": 1000576,
            "name": "FreedomBlue Medicare Advantage PPO (Central & Northeastern)"
        },
        {
            "id": 1000578,
            "name": "Community Blue PPO"
        },
        {
            "id": 1000579,
            "name": "Capital Blue Cross - SeniorBlue PPO"
        },
        {
            "id": 1000580,
            "name": "Medicare Advantage PPO"
        },
        {
            "id": 1000581,
            "name": "Triple S Medicare Optimo"
        },
        {
            "id": 1000582,
            "name": "POS Blue New England"
        },
        {
            "id": 1000583,
            "name": "Medicare Blue/ Medicare Blue Plus"
        },
        {
            "id": 1000584,
            "name": "BLUE CROSS MEDICARE ADVANTAGE"
        },
        {
            "id": 1000585,
            "name": "Medicare Advantage PPO"
        },
        {
            "id": 1000586,
            "name": "Anthem Medicare Preferred (VA)"
        },
        {
            "id": 1000587,
            "name": "New England Health Plans (NEHP)"
        },
        {
            "id": 1000588,
            "name": "Freedom Blue PPO"
        },
        {
            "id": 1000590,
            "name": "Blue Options PPO"
        },
        {
            "id": 1000591,
            "name": "Blue Preferred  (Local Only)"
        },
        {
            "id": 1000592,
            "name": "BCBS Arizona PAR providers (Local Only)"
        },
        {
            "id": 1000594,
            "name": "Personal Choice Exchange"
        },
        {
            "id": 1000605,
            "name": "Preferred Blue"
        },
        {
            "id": 1000601,
            "name": "Big Sky Select"
        },
        {
            "id": 1000609,
            "name": "HMO Blue"
        },
        {
            "id": 1000610,
            "name": "True Blue"
        },
        {
            "id": 1000613,
            "name": "Blue Choice"
        },
        {
            "id": 1000611,
            "name": "Blue Choice"
        },
        {
            "id": 1000619,
            "name": "Individual Exchange Solutions"
        },
        {
            "id": 1000620,
            "name": "SHOP Exchange Solutions"
        },
        {
            "id": 1000623,
            "name": "Multiple PPO"
        },
        {
            "id": 1000624,
            "name": "BLUE CROSS MEDICARE ADVANTAGE"
        },
        {
            "id": 1000625,
            "name": "Preferred PPO"
        },
        {
            "id": 1000628,
            "name": "CO Pathway"
        },
        {
            "id": 1000629,
            "name": "Blue Priority NY"
        },
        {
            "id": 1000598,
            "name": "BlueLincs"
        },
        {
            "id": 1000621,
            "name": "Individual Solutions Off Exchange"
        },
        {
            "id": 1000622,
            "name": "Small Group Solutions Off Exchange"
        },
        {
            "id": 311006017,
            "name": "HMO Blue NE - Managed Care Behavioral Health"
        },
        {
            "id": 311006007,
            "name": "Dental Blue PPO"
        },
        {
            "id": 311006033,
            "name": "DenteMax Network of Dentists"
        },
        {
            "id": 311006034,
            "name": "HMO Blue Select"
        },
        {
            "id": 311006036,
            "name": "BU HMO Blue New England"
        },
        {
            "id": 311006037,
            "name": "BU Blue Care Elect HCCS"
        },
        {
            "id": 311006038,
            "name": "Partners Blue Care Elect"
        },
        {
            "id": 311006039,
            "name": "BCH HMO Blue New England Options"
        },
        {
            "id": 311006040,
            "name": "MIT Traditional HMO Blue"
        },
        {
            "id": 311006041,
            "name": "MIT Choice HMO Blue New England"
        },
        {
            "id": 311006042,
            "name": "MIT Blue Care Elect"
        },
        {
            "id": 311006046,
            "name": "Steward North Adult DPO HMOBNE"
        },
        {
            "id": 311006047,
            "name": "Steward North Adult EPO HMOBNE"
        },
        {
            "id": 311006048,
            "name": "Steward North Pedi EPODPO HMOBNE"
        },
        {
            "id": 311006049,
            "name": "Steward Central Mass PPO"
        },
        {
            "id": 1000048,
            "name": "BluePPO"
        },
        {
            "id": 1000030,
            "name": "PPO Network"
        },
        {
            "id": 1000214,
            "name": "PPO"
        },
        {
            "id": 1000047,
            "name": "BluePPO"
        },
        {
            "id": 1000210,
            "name": "BlueChoice PPO"
        },
        {
            "id": 1000029,
            "name": "Blue Care Elect"
        },
        {
            "id": 1000526,
            "name": "New England Managed Care"
        },
        {
            "id": 311006043,
            "name": "HMO Blue Basic"
        },
        {
            "id": 311006045,
            "name": "HMO Blue New England Saver"
        },
        {
            "id": 1000372,
            "name": "AltNet"
        },
        {
            "id": 311006044,
            "name": "HMO Blue Select Saver"
        },
        {
            "id": 1000097,
            "name": "Par Network"
        },
        {
            "id": 1000092,
            "name": "Par Network"
        },
        {
            "id": 1000095,
            "name": "Louisiana Blue Health Plan"
        },
        {
            "id": 1000108,
            "name": "Blue Classic"
        },
        {
            "id": 1000115,
            "name": "Par Network"
        },
        {
            "id": 1000116,
            "name": "PAR Network"
        }
    ]
}