{
  "subcriberMaskedEmail": "m**********2@yopmail.com",
  "memberEmail": "",
  "userSuffix": "00",
  "benefits": [
    {
      "year": 2019,
      "planName": "Blue Care Elect Value Plus Option",
      "coveragePackageCode": "146833",
      "effectiveDate": "2018-01-01",
      "members": [
        {
          "fullName": "SEBASTIAN KELLY",
          "suffix": "10",
          "status": "00",
          "relationship": "DEPENDENT"
        },
        {
          "fullName": "ELIZABETH KELLY",
          "suffix": "12",
          "status": "80",
          "relationship": "DEPENDENT"
        },
        {
          "fullName": "HANNAH KELLY",
          "suffix": "11",
          "status": "00",
          "relationship": "DEPENDENT"
        },
        {
          "fullName": "MATT KELLY",
          "suffix": "01",
          "status": "00",
          "relationship": "SPOUSE"
        },
        {
          "fullName": "MAX KELLY",
          "suffix": "00",
          "status": "00",
          "relationship": "SUBSCRIBER"
        }
      ],
      "groupName": "TEST PPO ASC GROUP 02",
      "groupNumber": "521309540",
      "fitness": {
        "collateralName": "Fitness",
        "collateralTitle": "Fitness Reimbursement",
        "collateralText": "$200 fitness reimbursement per membership per calendar year for fees paid for health club memberships or fitness classes at a health club. This one benefit includes any combination of fees incurred by all enrolled members.",
        "onlineSubmissionEligible": true,
        "receiptRequired": false,
        "isEHB": false
      },
      "weightloss": {
        "collateralName": "Weightloss",
        "collateralTitle": "Weight Loss Program Reimbursement",
        "collateralText": "$200 weight loss reimbursement per membership per calendar year for fees paid for hospital-based or designated weight loss programs. This one benefit includes any combination of fees incurred by all members enrolled under the plan.",
        "onlineSubmissionEligible": true,
        "receiptRequired": false,
        "isEHB": false
      }
    }
  ]
}
