{
  "medicationName": "ABILIFY",
  "dosage": [
    {
      "name": "10MG",
      "coverageType": "Not Covered",
      "coverageDetails": "by a 3-Tier",
      "notes": [
        {
          "title": "Proton Pump Inhibitors - Limited Coverage",
          "description": "This medication is excluded from coverage under the pharmacy benefit for members 18 years of age and older."
        },
        {
          "title": "Exceptions To Non Covered Medications",
          "description": "Your doctor may submit a request for an exception. If approved, the medication must still follow any applicable requirements before it can be covered by your plan. You’ll also pay the highest tier cost."
        }
      ]
    },
    {
      "name": "15MG",
      "coverageType": "Not Covered",
      "coverageDetails": "by a 3-Tier",
      "notes": [
        {
          "title": "Exceptions To Non Covered Medications",
          "description": "Your doctor may submit a request for an exception. If approved, the medication must still follow any applicable requirements before it can be covered by your plan. You’ll also pay the highest tier cost."
        }
      ]
    },
    {
      "name": "20MG",
      "coverageType": "Not Covered",
      "coverageDetails": "by a 3-Tier",
      "notes": [
        {
          "title": "Exceptions To Non Covered Medications",
          "description": "Your doctor may submit a request for an exception. If approved, the medication must still follow any applicable requirements before it can be covered by your plan. You’ll also pay the highest tier cost."
        }
      ]
    },
    {
      "name": "30MG",
      "coverageType": "Not Covered",
      "coverageDetails": "by a 3-Tier",
      "notes": [
        {
          "title": "Exceptions To Non Covered Medications",
          "description": "Your doctor may submit a request for an exception. If approved, the medication must still follow any applicable requirements before it can be covered by your plan. You’ll also pay the highest tier cost."
        }
      ]
    },
    {
      "name": "5MG",
      "coverageType": "Not Covered",
      "coverageDetails": "by a 3-Tier",
      "notes": [
        {
          "title": "Exceptions To Non Covered Medications",
          "description": "Your doctor may submit a request for an exception. If approved, the medication must still follow any applicable requirements before it can be covered by your plan. You’ll also pay the highest tier cost."
        }
      ]
    },
    {
      "name": "2MG",
      "coverageType": "Not Covered",
      "coverageDetails": "by a 3-Tier",
      "notes": [
        {
          "title": "Exceptions To Non Covered Medications",
          "description": "Your doctor may submit a request for an exception. If approved, the medication must still follow any applicable requirements before it can be covered by your plan. You’ll also pay the highest tier cost."
        }
      ]
    },
    {
      "name": "1MG/ML",
      "coverageType": "Not Covered",
      "coverageDetails": "by a 3-Tier",
      "notes": [
        {
          "title": "Exceptions To Non Covered Medications",
          "description": "Your doctor may submit a request for an exception. If approved, the medication must still follow any applicable requirements before it can be covered by your plan. You’ll also pay the highest tier cost."
        },
        {
          "title": "Eligible At No Cost",
          "description": "This medication is available through the pharmacy benefit at no cost ($0) for members with a valid prescription. \r\n"
        }
      ]
    }
  ],
  "coveredAlternateMedications": [
    {
      "medicationID": "1138626",
      "medicationName": "RISPERIDONE"
    },
    {
      "medicationID": "1146011",
      "medicationName": "ZIPRASIDONE"
    },
    {
      "medicationID": "1137596",
      "medicationName": "QUETIAPINE FUMARATE"
    },
    {
      "medicationID": "1117326",
      "medicationName": "CLOZAPINE ODT"
    },
    {
      "medicationID": "1117321",
      "medicationName": "CLOZAPINE"
    },
    {
      "medicationID": "1133106",
      "medicationName": "OLANZAPINE"
    },
    {
      "medicationID": "1113251",
      "medicationName": "ARIPIPRAZOLE"
    },
    {
      "medicationID": "1137591",
      "medicationName": "QUETIAPINE ER"
    },
    {
      "medicationID": "1134106",
      "medicationName": "PALIPERIDONE"
    }
  ]
}
