{
  "medicationCount": "8416",
  "pageLimit": 20,
  "totalPages": 3,
  "medication": [
    {
      "medicationID": "1110901",
      "medicationName": "1+1-F CREME"
    },
    {
      "medicationID": "1110911",
      "medicationName": "5-AMINOSALICYLIC ACID"
    },
    {
      "medicationID": "1110916",
      "medicationName": "5-HTP TRYPTOPHAN"
    },
    {
      "medicationID": "1110926",
      "medicationName": "8-MOP"
    },
    {
      "medicationID": "1110921",
      "medicationName": "80% PROTEIN SUPPLEMENT"
    },
    {
      "medicationID": "1111531",
      "medicationName": "A-HYDROCORT"
    },
    {
      "medicationID": "1112426",
      "medicationName": "A-METHAPRED"
    },
    {
      "medicationID": "1113376",
      "medicationName": "A-SPAS"
    },
    {
      "medicationID": "1110931",
      "medicationName": "A/B OTIC"
    },
    {
      "medicationID": "1110936",
      "medicationName": "A/G PRO"
    },
    {
      "medicationID": "1110941",
      "medicationName": "A/T/S"
    },
    {
      "medicationID": "1110946",
      "medicationName": "AABP"
    },
    {
      "medicationID": "1110951",
      "medicationName": "ABACAVIR"
    },
    {
      "medicationID": "1110956",
      "medicationName": "ABACAVIR/LAMIVUDINE"
    },
    {
      "medicationID": "1110961",
      "medicationName": "ABACAVIR/LAMIVUDINE/ZIDOVUDINE"
    },
    {
      "medicationID": "1110966",
      "medicationName": "ABELCET"
    },
    {
      "medicationID": "1106641",
      "medicationName": "ABILIFY"
    },
    {
      "medicationID": "1106646",
      "medicationName": "ABILIFY DISCMELT"
    },
    {
      "medicationID": "1110971",
      "medicationName": "ABILIFY IM"
    },
    {
      "medicationID": "1106651",
      "medicationName": "ABILIFY MAINTENA"
    }
  ]
}
